😀	grinning face	cheerful|cheery|face|grin|grinning|happy|laugh|nice|smile|smiling|teeth	കളിയാക്കി ചിരിക്കുന്ന മുഖം	ഇളിക്കൽ|കളിയാക്കൽ|മുഖം
😃	grinning face with big eyes	awesome|big|eyes|face|grin|grinning|happy|mouth|open|smile|smiling|teeth|yay	വലിയ കണ്ണുകളുള്ള കളിയാക്കി ചിരിക്കുന്ന മുഖം	തുറന്ന|പുഞ്ചിരി|മുഖം|വായ
😄	grinning face with smiling eyes	eye|eyes|face|grin|grinning|happy|laugh|lol|mouth|open|smile|smiling	പുഞ്ചിരിക്കുന്ന കണ്ണുകളോടുകൂടിയ ഗോഷ്ടിച്ചിരിയുള്ള മുഖം	കണ്ണ്|തുറന്ന|പുഞ്ചിരി|മുഖം|വായ
😁	beaming face with smiling eyes	beaming|eye|eyes|face|grin|grinning|happy|nice|smile|smiling|teeth	പുഞ്ചിരിക്കുന്ന കണ്ണുകളുമായി പ്രസന്നമായ മുഖം	കണ്ണ്|കളിയാക്കൽ|പല്ല് കാണിച്ചുള്ള വിഡ്ഢിച്ചിരി|പുഞ്ചിരി|മുഖം
😆	grinning squinting face	closed|eyes|face|grinning|haha|hahaha|happy|laugh|lol|mouth|open|rofl|smile|smiling|squinting	ഇറുക്കിയടച്ച കണ്ണുകളുള്ള കളിയാക്കി ചിരിക്കുന്ന മുഖം	ഇറുക്കിയടച്ച കണ്ണുകൾ|കണ്ണിറുക്കിയടച്ചുള്ള പൊട്ടിച്ചിരി|ചിരി|പുഞ്ചിരി|പൊട്ടിച്ചിരി|മുഖം|വായ|സംതൃപ്തം|സംതൃപ്തി
😅	grinning face with sweat	cold|dejected|excited|face|grinning|mouth|nervous|open|smile|smiling|stress|stressed|sweat	വിയർപ്പുള്ള കളിയാക്കി ചിരിക്കുന്ന മുഖം	തണുത്ത|തുറന്ന|പുഞ്ചിരി|മുഖം|വിയർപ്പ്
🤣	rolling on the floor laughing	crying|face|floor|funny|haha|happy|hehe|hilarious|joy|laugh|lmao|lol|rofl|roflmao|rolling|tear	ചിരിച്ചുചിരിച്ച് മണ്ണുകപ്പുക	ചിരി|ചിരിച്ച് തോറ്റു|ചിരിയോചിരി|മണ്ണുകപ്പുക|മലർന്നുകിടന്ന് ചിരിക്കുക|മുഖം
😂	face with tears of joy	crying|face|feels|funny|haha|happy|hehe|hilarious|joy|laugh|lmao|lol|rofl|roflmao|tear	ആനന്ദാശ്രുക്കളോടെയുള്ള മുഖം	ആനന്ദം|ആനന്ദക്കണ്ണീർ|ആനന്ദാശ്രു|കണ്ണീർ|ചിരിച്ച് ചത്തു|പൊട്ടിച്ചിരി|മുഖം|സന്തോഷം
🙂	slightly smiling face	face|happy|slightly|smile|smiling	മന്ദഹസിക്കുന്ന മുഖം	ചിരി|ചെറുതായുള്ള മന്ദഹാസം|പുഞ്ചിരി|മന്ദഹാസം|മുഖം
🙃	upside-down face	face|hehe|smile|upside-down	തലകീഴായി നിൽക്കുന്ന മുഖം	തലകീഴായത്|പുഞ്ചിരി|മുഖം
🫠	melting face	disappear|dissolve|embarrassed|face|haha|heat|hot|liquid|lol|melt|melting|sarcasm|sarcastic	ആർദ്ര മുഖം	അപ്രത്യക്ഷമാകുക|അലിയുക|ഉരുകുക|ഉഷ്ണം|ചൂട്|ദ്രാവകം|പരിഹാസം
😉	winking face	face|flirt|heartbreaker|sexy|slide|tease|wink|winking|winks	കണ്ണിറുക്കുന്ന മുഖം	കണ്ണിറുക്കുക|മുഖം
😊	smiling face with smiling eyes	blush|eye|eyes|face|glad|satisfied|smile|smiling	പുഞ്ചിരിക്കുന്ന കണ്ണുകളുള്ള പുഞ്ചിരിക്കുന്ന മുഖം	കണ്ണ്|കവിളിണ|നാണം|പുഞ്ചിരി|മുഖം
😇	smiling face with halo	angel|angelic|angels|blessed|face|fairy|fairytale|fantasy|halo|happy|innocent|peaceful|smile|smiling|spirit|tale	പ്രകാശവലയമുള്ള പുഞ്ചിരിക്കുന്ന മുഖം	നിഷ്കളങ്കം|പ്രകാശവലയം|ഭ്രമം|മാലാഖ|മുഖം
🥰	smiling face with hearts	3|adore|crush|face|heart|hearts|ily|love|romance|smile|smiling|you	3 ഹൃദയമുള്ള ചിരിക്കുന്ന മുഖം	3|അനുരാഗം|ക്രഷ്|പുഞ്ചിരി|വാത്സല്യം|സ്നേഹം|ഹൃദയചിഹ്നം
😍	smiling face with heart-eyes	143|bae|eye|face|feels|heart-eyes|hearts|ily|kisses|love|romance|romantic|smile|xoxo	ഹൃദയാകൃതിയിലുള്ള കണ്ണുകളുള്ള പുഞ്ചിരിക്കുന്ന മുഖം	കണ്ണ്|പുഞ്ചിരി|മുഖം|സ്നേഹം|ഹൃദയം
🤩	star-struck	excited|eyes|face|grinning|smile|star|starry-eyed|wow	സ്റ്റാർ-സ്ട്രക്ക്	കണ്ണുകൾ|കളിയാക്കൽ|നക്ഷത്രം|മുഖം|സ്റ്റാർ
😘	face blowing a kiss	adorbs|bae|blowing|face|flirt|heart|ily|kiss|love|lover|miss|muah|romantic|smooch|xoxo|you	ചുംബനം നൽകുന്ന മുഖം	ചുംബനം|ചുംബനം നൽകുന്നു|മുഖം|ഹൃദയം
😗	kissing face	143|date|dating|face|flirt|ily|kiss|love|smooch|smooches|xoxo|you	ചുംബിക്കുന്ന മുഖം	ചുംബനം|മുഖം
☺️	smiling face	face|happy|outlined|relaxed|smile|smiling	പുഞ്ചിരിക്കുന്ന മുഖം	പുഞ്ചിരി|മുഖം|രൂപത്തിൽ|വിശ്രമം
😚	kissing face with closed eyes	143|bae|blush|closed|date|dating|eye|eyes|face|flirt|ily|kisses|kissing|smooches|xoxo	കണ്ണടച്ച് ചുംബിക്കുന്ന മുഖം	അടഞ്ഞ|കണ്ണ്|ചുംബനം|മുഖം
😙	kissing face with smiling eyes	143|closed|date|dating|eye|eyes|face|flirt|ily|kiss|kisses|kissing|love|night|smile|smiling	പുഞ്ചിരിക്കുന്ന കണ്ണുകളോടെ ചുംബിക്കുന്ന മുഖം	കണ്ണ്|ചുംബനം|പുഞ്ചിരി|മുഖം
🥲	smiling face with tear	face|glad|grateful|happy|joy|pain|proud|relieved|smile|smiley|smiling|tear|touched	കണ്ണീരോടെ ചിരിക്കുന്ന മുഖം	അഭിമാനം|ആനന്ദം|ആശ്വാസം|കണ്ണീർ|പുഞ്ചിരി|സന്തോഷം
😋	face savoring food	delicious|eat|face|food|full|hungry|savor|smile|smiling|tasty|um|yum|yummy	രുചിയുള്ള ഭക്ഷണം കഴിക്കുന്ന മുഖം	ആസ്വദിക്കുക|പുഞ്ചിരി|മുഖം|യമ്മി|രുചിയുള്ള|സ്വാദ്
😛	face with tongue	awesome|cool|face|nice|party|stuck-out|sweet|tongue	പുറത്തേക്ക് നാവ് നീട്ടുന്ന മുഖം	നാവ്|മുഖം
😜	winking face with tongue	crazy|epic|eye|face|funny|joke|loopy|nutty|party|stuck-out|tongue|wacky|weirdo|wink|winking|yolo	കണ്ണിറുക്കി, നാവ് പുറത്തേക്ക് നീട്ടുന്ന മുഖം	കണ്ണടിക്കുക|കണ്ണിറുക്കി|കണ്ണ്|തമാശ|നാക്ക്|നാക്ക് നീട്ടുന്ന മുഖം|നാവ്|നാവ് പുറത്തേക്ക് നീട്ടുന്ന മുഖം|മുഖം
🤪	zany face	crazy|eye|eyes|face|goofy|large|small|zany	ഉന്മത്തമായ മുഖം	കണ്ണുകൾ|ചെറുത്|വലുത്
😝	squinting face with tongue	closed|eye|eyes|face|gross|horrible|omg|squinting|stuck-out|taste|tongue|whatever|yolo	പാതിയടച്ച കണ്ണുകളോടെ നാവ് നീട്ടുന്ന മുഖം	കണ്ണ്|കണ്ണ് ഇറുക്കിയടച്ച് നാവ് പുറത്തേക്ക് നീട്ടുന്ന മുഖം|നാവ്|ഭീകരം|മുഖം|സ്വാദ്
🤑	money-mouth face	face|money|money-mouth|mouth|paid	പണക്കൊതിയുള്ള മുഖം	പണം|പണക്കൊതിയൻ|മുഖം|വായ
🤗	smiling face with open hands	face|hands|hug|hugging|open|smiling	ആലിംഗനം ചെയ്യുന്ന മുഖം	കെട്ടിപ്പിടിക്കുന്നു|മുഖം|സൗഹൃദം|സ്നേഹം പ്രകടിപ്പിക്കുന്നു
🤭	face with hand over mouth	face|giggle|giggling|hand|mouth|oops|realization|secret|shock|sudden|surprise|whoops	കൈകൊണ്ട് വായ് മൂടിയ മുഖം	അമളി|കൈകൊണ്ട് വായ മൂടി ചിരിക്കുന്ന മുഖം|ക്ഷമിക്കണം|ശ്ശോ
🫢	face with open eyes and hand over mouth	amazement|awe|disbelief|embarrass|eyes|face|gasp|hand|mouth|omg|open|over|quiet|scared|shock|surprise	തുറന്ന കണ്ണുകളോടെ കൈകൊണ്ട് വായ് മൂടിയ മുഖം	അത്ഭുതം|ആശ്ചര്യം|ഈശ്വരാ|എന്റെ ദൈവമേ|ഞെട്ടിപ്പോയി|നിശബ്ദം|വിരണ്ട|വിശാസമില്ലായ്മ|വിസ്മയം|സംഭ്രമം
🫣	face with peeking eye	captivated|embarrass|eye|face|hide|hiding|peek|peeking|peep|scared|shy|stare	ഒളിഞ്ഞുനോക്കുന്ന കണ്ണുള്ള മുഖം	ഒളിക്കൽ|ഒളിഞ്ഞുനോട്ടം|നാണം|ലജ്ജ
🤫	shushing face	face|quiet|shh|shush|shushing	നിശബ്ദത പാലിക്കാൻ ആവശ്യപ്പെടുന്ന മുഖം	നിശബ്ദത|ശൂ|ശ്ശ്
🤔	thinking face	chin|consider|face|hmm|ponder|pondering|thinking|wondering	ആലോചനയിൽ മുഴുകിയ മുഖം	ആലോചന|മുഖം
🫡	saluting face	face|good|luck|ma’am|OK|respect|salute|saluting|sir|troops|yes	സല്യൂട്ട് ചെയ്യുന്ന മുഖം	അതെ|ഓകെ|ഗുഡ് ലക്ക്|ട്രൂപ്പുകൾ|പ്രസന്നം|യെസ് സർ|സല്യൂട്ട്
🤐	zipper-mouth face	face|keep|mouth|quiet|secret|shut|zip|zipper|zipper-mouth	സിപ്പ് പൂട്ടിട്ട മുഖം	അടയ്ക്കുക|മുഖം|വായ|സിപ്പിട്ട് പൂട്ടിയ വായയുള്ള മുഖം
🤨	face with raised eyebrow	disapproval|disbelief|distrust|emoji|eyebrow|face|hmm|mild|raised|skeptic|skeptical|skepticism|surprise|what	പുരികമുയർത്തിയ മുഖം	അവിശ്വാസം|സന്ദേഹം|സംശയം
😐	neutral face	awkward|blank|deadpan|expressionless|face|fine|jealous|meh|neutral|oh|shade|straight|unamused|unhappy|unimpressed|whatever	നിഷ്പക്ഷമായ മുഖം	നിഷ്പക്ഷം|മുഖം|വികാരമില്ലാത്ത
😑	expressionless face	awkward|dead|expressionless|face|fine|inexpressive|jealous|meh|not|oh|omg|straight|uh|unhappy|unimpressed|whatever	നിർവികാരമായ മുഖം	നിർവികാരമായ|ഭാവം|ഭാവം പ്രകടിപ്പിക്കാത്തത്|ഭാവശൂന്യമായ|മുഖം
😶	face without mouth	awkward|blank|expressionless|face|mouth|mouthless|mute|quiet|secret|silence|silent|speechless	വായയില്ലാത്ത മുഖം	കണ്ണ്|നിശബ്ദം|മുഖം|മൗനം|വായ
🫥	dotted line face	depressed|disappear|dotted|face|hidden|hide|introvert|invisible|line|meh|whatever|wtv	കുത്തുകളിട്ട വരകൊണ്ടുള്ള മുഖം	അഗോചരം|അന്തർമുഖൻ|അപ്രത്യക്ഷമാകുക|എന്തായാലും|നിരാശ|മറയ്ക്കുക|വിഷാദം|വിഷാദമുള്ള
😶‍🌫️	face in clouds	absentminded|clouds|face|fog|head	മേഘങ്ങളിൽ മുഖം	മൂടൽമഞ്ഞിൽ മുഖം|മേഘങ്ങളിൽ തല|ശ്രദ്ധയില്ലാത്ത
😏	smirking face	boss|dapper|face|flirt|homie|kidding|leer|shade|slick|sly|smirk|smug|snicker|suave|suspicious|swag	കൃതൃമിച്ചിരിയുള്ള മുഖം	കൃത്രിമച്ചിരി|പുച്ഛം|മുഖം
😒	unamused face	...|bored|face|fine|jealous|jel|jelly|pissed|smh|ugh|uhh|unamused|unhappy|weird|whatever	അസന്തുഷ്ടമായ മുഖം	അത്ഭുതമില്ലാത്ത|അസന്തുഷ്ടി|മുഖം
🙄	face with rolling eyes	eyeroll|eyes|face|rolling|shade|ugh|whatever	കറങ്ങുന്ന കണ്ണുകളുള്ള മുഖം	ഐറോൾ|കണ്ണുകൾ|കറങ്ങുന്നു|മുഖം
😬	grimacing face	awk|awkward|dentist|face|grimace|grimacing|grinning|smile|smiling	ഗോഷ്ടി കാണിക്കുന്ന മുഖം	കൊഞ്ഞനം കുത്തുക|ഗോഷ്ടി|മുഖം
😮‍💨	face exhaling	blow|blowing|exhale|exhaling|exhausted|face|gasp|groan|relief|sigh|smiley|smoke|whisper|whistle	കോപാകുല മുഖം	തളർച്ച|ദീർഘനിശ്വാസം|നിരാശ
🤥	lying face	face|liar|lie|lying|pinocchio	കള്ളലക്ഷണം	കള്ളം
🫨	shaking face	crazy|daze|earthquake|face|omg|panic|shaking|shock|surprise|vibrate|whoa|wow	വിറക്കുന്ന മുഖം	ആശ്ചര്യം|കുലുക്കം|കുലുങ്ങൽ|ഞെട്ടൽ|പ്രകമ്പനം കൊള്ളൽ|ഭൂകമ്പം|മുഖം
🙂‍↔️	head shaking horizontally	head|horizontally|no|shake|shaking	തല വശങ്ങളിലേക്ക് ആട്ടുക	ഇല്ല|കുലുക്കുക
🙂‍↕️	head shaking vertically	head|nod|shaking|vertically|yes	തല കുലുക്കുക	അതെ|സമ്മതിക്കുക
😌	relieved face	calm|face|peace|relief|relieved|zen	ആശ്വാസമുള്ള മുഖം	ആശ്വാസം|മുഖം
😔	pensive face	awful|bored|dejected|died|disappointed|face|losing|lost|pensive|sad|sucks	ചിന്താകുലമായ മുഖം	ആകുലമായത്|ചിന്താകുലമായത്|ദുഃഖം|മുഖം
😪	sleepy face	crying|face|good|night|sad|sleep|sleeping|sleepy|tired	ഉറക്കം തൂങ്ങുന്ന മുഖം	ഉറക്കം|ഉറക്കം തൂങ്ങിയ മുഖം|മുഖം
🤤	drooling face	drooling|face	തുപ്പൽ ഒലിക്കുന്ന മുഖം	തുപ്പൽ|ഭാവം|മുഖം
😴	sleeping face	bed|bedtime|face|good|goodnight|nap|night|sleep|sleeping|tired|whatever|yawn|zzz	ഉറങ്ങുന്ന മുഖം	ഉറക്കം|കൂർക്കംവലി|നിദ്ര|മുഖം
🫩	face with bags under eyes	bags|bored|exhausted|eyes|face|fatigued|late|sleepy|tired|weary	കൺതടത്തിൽ വീക്കമുള്ള മുഖം	ഉറക്കക്ഷീണം|കൺതട വീക്കം|കൺതടം വീങ്ങിയ|കൺതടങ്ങളിൽ വീക്കമുള്ള മുഖം|കൺതടത്തിൽ വീക്കം|തളർന്ന മുഖം
😷	face with medical mask	cold|dentist|dermatologist|doctor|dr|face|germs|mask|medical|medicine|sick	മെഡിക്കൽ മാസ്കുള്ള മുഖം	അസുഖം|ജലദോഷം|ഡോക്ടർ|മാസ്ക്|മുഖം
🤒	face with thermometer	face|ill|sick|thermometer	തെർമോമീറ്ററുള്ള മുഖം	അസുഖം|തെർമോമീറ്റർ|മുഖം|രോഗം
🤕	face with head-bandage	bandage|face|head-bandage|hurt|injury|ouch	തലയിൽ ബാൻഡേജുള്ള മുഖം	പരിക്ക്|ബാൻഡേജ്|മുഖം|മുറിവ്
🤢	nauseated face	face|gross|nasty|nauseated|sick|vomit	ഓക്കാനിക്കുന്ന ഭാവം	ഓക്കാനം|ഭാവം|മുഖം
🤮	face vomiting	barf|ew|face|gross|puke|sick|spew|throw|up|vomit|vomiting	ഛർദ്ദിക്കുന്ന മുഖം	അസുഖം|ഛർദ്ദി
🤧	sneezing face	face|fever|flu|gesundheit|sick|sneeze|sneezing	മൂക്കൊലിക്കുന്ന മുഖം	തുമ്മൽ|മുഖം|മൂക്കൊലിപ്പ്
🥵	hot face	dying|face|feverish|heat|hot|panting|red-faced|stroke|sweating|tongue	ചൂടുള്ള മുഖം	ചുവന്ന മുഖം|ചൂടുള്ളത്|ചൂട്|പനിയുള്ള|വയ്യായ്മ പ്രകടിപ്പിക്കുന്ന മുഖം|വിയർത്തത്
🥶	cold face	blue|blue-faced|cold|face|freezing|frostbite|icicles|subzero|teeth	തണുത്ത മുഖം	തണുത്തുമരവിച്ചത്|തണുത്ത് മരവിക്കുന്നു എന്ന് ആംഗ്യം കാണിക്കുന്ന മുഖം|തണുപ്പ്|നീല മുഖമുള്ളത്|മഞ്ഞുപാളി|മരവിച്ചത്
🥴	woozy face	dizzy|drunk|eyes|face|intoxicated|mouth|tipsy|uneven|wavy|woozy	മന്ദിച്ച മുഖം	ഉന്മത്തനായ|ചുരുണ്ടിരിക്കുന്ന|മദോന്മത്തയായ മുഖം|മയക്കം|ലഹരിപിടിച്ചത്|സമചിത്തതയില്ലാത്ത
😵	face with crossed-out eyes	crossed-out|dead|dizzy|eyes|face|feels|knocked|out|sick|tired	മയക്കത്തിലാണ്ട മുഖം	മയക്കം|മുഖം|മോഹാലസ്യം
😵‍💫	face with spiral eyes	confused|dizzy|eyes|face|hypnotized|omg|smiley|spiral|trouble|whoa|woah|woozy	പിരിഞ്ഞ കണ്ണുകളുള്ള മുഖം	ആശയക്കുഴപ്പം|എന്റെ ദൈവമേ|തലകറക്കം
🤯	exploding head	blown|explode|exploding|head|mind|mindblown|no|shocked|way	പൊട്ടിത്തെറിക്കുന്ന തല	ഞെട്ടിയത്
🤠	cowboy hat face	cowboy|cowgirl|face|hat	കൗബോയ് തൊപ്പിയുള്ള മുഖം	കൗഗേൾ|കൗബോയി|തൊപ്പി|മുഖം|ഹാറ്റ്
🥳	partying face	bday|birthday|celebrate|celebration|excited|face|happy|hat|hooray|horn|party|partying	പാർട്ടി ചെയ്യുന്ന മുഖം	ആഘോഷം|ജന്മദിനം|പാർട്ടി|പിറന്നാൾ|സന്തോഷം
🥸	disguised face	disguise|eyebrow|face|glasses|incognito|moustache|mustache|nose|person|spy|tache|tash	തെറ്റിദ്ധരിപ്പിക്കുന്ന മുഖം	അജ്ഞാതമായ|കണ്ണട|ഗ്ലാസ്സുകൾ|ചാരൻ|തെറ്റിദ്ധരിപ്പിക്കുന്ന|മുഖം|മൂക്ക്
😎	smiling face with sunglasses	awesome|beach|bright|bro|chilling|cool|face|rad|relaxed|shades|slay|smile|style|sunglasses|swag|win	കണ്ണടയുള്ള പുഞ്ചിരിക്കുന്ന മുഖം	തിളക്കമുള്ള|മുഖം|സൺഗ്ലാസുവെച്ച പുഞ്ചിരിക്കുന്ന മുഖം|സൺഗ്ലാസ്|സൂര്യൻ|സൗമ്യം
🤓	nerd face	brainy|clever|expert|face|geek|gifted|glasses|intelligent|nerd|smart	കോമാളി മുഖം	കിറുക്കൻ|കോമാളി|ബുദ്ധി|മുഖം
🧐	face with monocle	classy|face|fancy|monocle|rich|stuffy|wealthy	ഒറ്റച്ചില്ലുകണ്ണട വച്ച മുഖം	ബലംപിടുത്തം|മസിലുപിടുത്തം|വിരസൻ
😕	confused face	befuddled|confused|confusing|dunno|face|frown|hm|meh|not|sad|sorry|sure	ആശയക്കുഴപ്പമുള്ള മുഖം	ആശയക്കുഴപ്പം|മുഖം
🫤	face with diagonal mouth	confused|confusion|diagonal|disappointed|doubt|doubtful|face|frustrated|frustration|meh|mouth|skeptical|unsure|whatever|wtv	വായ കോട്ടിയ മുഖം	അതൃപ്തി|അനിശ്ചിതം|ആശയക്കുഴപ്പം|നിരാശ|നിസംഗത|പുച്ഛം
😟	worried face	anxious|butterflies|face|nerves|nervous|sad|stress|stressed|surprised|worried|worry	ആകുലമായ മുഖം	ആകുലത|ആശങ്ക|പരിഭ്രാന്തി|മുഖം
🙁	slightly frowning face	face|frown|frowning|sad|slightly	കുറച്ച് നീരസഭാവത്തിലുള്ള മുഖം	നീരസം|മുഖം
☹️	frowning face	face|frown|frowning|sad	നീരസമുള്ള മുഖം	അസ്വസ്ഥത|നീരസം|മുഖം
😮	face with open mouth	believe|face|forgot|mouth|omg|open|shocked|surprised|sympathy|unbelievable|unreal|whoa|wow|you	തുറന്ന വായയുള്ള മുഖം	തുറന്ന|മുഖം|വായ|സഹതാപം
😯	hushed face	epic|face|hushed|omg|stunned|surprised|whoa|woah	സ്തബ്ധമായ മുഖം	അത്ഭുതം|ആശ്ചര്യം|ഓഹ്|ഞെട്ടൽ
😲	astonished face	astonished|cost|face|no|omg|shocked|totally|way	അത്ഭുതം നിറഞ്ഞ മുഖം	അത്ഭുതം|ആശ്ചര്യം|ഞെട്ടൽ|പൂർണ്ണമായും|മുഖം
😳	flushed face	amazed|awkward|crazy|dazed|dead|disbelief|embarrassed|face|flushed|geez|heat|hot|impressed|jeez|what|wow	സ്തംഭിച്ച മുഖം	അമ്പരപ്പുള്ള മുഖം|ഞെട്ടൽ|മുഖം|ലജ്ജാവഹം|സ്തംഭിച്ച
🫪	distorted face	anxiety|bloated|panic|shocked|surprised|vulnerable	വക്ര മുഖം	അമ്പരന്ന|ഉത്കണ്ഠ|ഞെട്ടൽ|ഭയചകിതമായ|ലോലമായ|വീർത്തത്
🥺	pleading face	begging|big|eyes|face|mercy|not|pleading|please|pretty|puppy|sad|why	യാചിക്കുന്ന മുഖം	ദയ|നായ്കുട്ടികളുടെ കണ്ണുകൾ|യാചിക്കുന്നത്
🥹	face holding back tears	admiration|aww|back|cry|embarrassed|face|feelings|grateful|gratitude|holding|joy|please|proud|resist|sad|tears	കണ്ണീരടക്കുന്ന മുഖം	അഭിമാനം|ആനന്ദം|ആരാധന|കണ്ണീർ|കൃതജ്ഞത|നന്ദി|സങ്കടം
😦	frowning face with open mouth	caught|face|frown|frowning|guard|mouth|open|scared|scary|surprise|what|wow	തുറന്നവായയുമായി നീരസ ഭാവത്തിലുള്ള മുഖം	തുറന്ന|നീരസം|മുഖം|മുഖം ചുളിക്കുക|വായ
😧	anguished face	anguished|face|forgot|scared|scary|stressed|surprise|unhappy|what|wow	മനോവേദന നിറഞ്ഞ മുഖം	മനോവേദന നിറഞ്ഞ|മുഖം|സങ്കടം നിറഞ്ഞ മുഖം
😨	fearful face	afraid|anxious|blame|face|fear|fearful|scared|worried	ഭയചകിതമായ മുഖം	ഉത്കണ്ഠ|പേടിച്ചരണ്ട മുഖം|ഭയം
😰	anxious face with sweat	anxious|blue|cold|eek|face|mouth|nervous|open|rushed|scared|sweat|yikes	വിയർക്കുന്ന ഉത്കണ്ഠാകുലമായ മുഖം	തണുപ്പ്|തിരക്കുപിടിച്ച|നീല|മുഖം|വിയർപ്പ്
😥	sad but relieved face	anxious|call|close|complicated|disappointed|face|not|relieved|sad|sweat|time|whew	നിരാശയുണ്ടെങ്കിലും ആശ്വാസഭാവത്തിലുള്ള മുഖം	ആശ്വാസം|നിരാശ|മുഖം|വിയർപ്പുതുള്ളി|വിയർപ്പ്|ഹൂ
😢	crying face	awful|cry|crying|face|feels|miss|sad|tear|triste|unhappy	കരയുന്ന മുഖം	കണ്ണീർ|കരച്ചിൽ|കരയുക|മുഖം|സങ്കടം
😭	loudly crying face	bawling|cry|crying|face|loudly|sad|sob|tear|tears|unhappy	പൊട്ടിക്കരയുന്ന മുഖം	ഉറക്കെ കരയുക|കണ്ണീർ|കരയുക|തേങ്ങൽ|പൊട്ടിക്കരയൽ|മുഖം|സങ്കടം
😱	face screaming in fear	epic|face|fear|fearful|munch|scared|scream|screamer|screaming|shocked|surprised|woah	ഭയന്ന് നിലവിളിക്കുന്ന മുഖം	അലറിക്കരയുക|ചവയ്ക്കുക|ഭയം|ഭയന്ന|മുഖം
😖	confounded face	annoyed|confounded|confused|cringe|distraught|face|feels|frustrated|mad|sad	മ്ലാനമായ മുഖം	അങ്കലാപ്പിലായ|മുഖം
😣	persevering face	concentrate|concentration|face|focus|headache|persevere|persevering	കഠിനാദ്ധ്വാനം കാണിക്കുന്ന മുഖം	അസഹനീയമായ|നിസ്സഹായമായ|മുഖം
😞	disappointed face	awful|blame|dejected|disappointed|face|fail|losing|sad|unhappy	നിരാശാഭരിതമായ മുഖം	നിരാശാഭരിതം|മുഖം
😓	downcast face with sweat	close|cold|downcast|face|feels|headache|nervous|sad|scared|sweat|yikes	വിയർക്കുന്ന ദുഃഖിതമായ മുഖം	തണുപ്പ്|മുഖം|വിയർപ്പുതുള്ളി|വിയർപ്പ്
😩	weary face	crying|face|fail|feels|hungry|mad|nooo|sad|sleepy|tired|unhappy|weary	ക്ഷീണിച്ച മുഖം	ഉറക്കം|കരച്ചിൽ|ക്ഷീണം|തളർച്ച|തോൽവി|വിശപ്പ്
😫	tired face	cost|face|feels|nap|sad|sneeze|tired	തളർച്ചയുള്ള മുഖം	തളർന്ന|മുഖം
🥱	yawning face	bedtime|bored|face|goodnight|nap|night|sleep|sleepy|tired|whatever|yawn|yawning|zzz	കോട്ടുവായിടുന്ന മുഖം	ഉറക്കം|കോട്ടുവാ|ക്ഷീണം|മുഷിപ്പ്
😤	face with steam from nose	anger|angry|face|feels|fume|fuming|furious|fury|mad|nose|steam|triumph|unhappy|won	ദേഷ്യം കൊണ്ട് നിശ്വസിക്കുന്ന മുഖം	ജയം|ദേഷ്യം|നിശ്വാസം|മുഖം|വിജയം
😡	enraged face	anger|angry|enraged|face|feels|mad|maddening|pouting|rage|red|shade|unhappy|upset	മുഷിച്ചിൽ അനുഭവപ്പെടുന്ന മുഖം	കോപം|കോപാക്രാന്തം|ക്രോധം|ചുവന്ന|നീരസം കാണിക്കുന്ന|മുഖം
😠	angry face	anger|angry|blame|face|feels|frustrated|mad|maddening|rage|shade|unhappy|upset	കോപാകുലമായ മുഖം	കോപം|ക്ഷോഭം|മുഖം
🤬	face with symbols on mouth	censor|cursing|cussing|face|mad|mouth|pissed|swearing|symbols	വായിൽ ചിഹ്നങ്ങളുള്ള മുഖം	തെറി പറയുന്ന മുഖം|നിന്ദാവചനം|പ്രാക്ക്
😈	smiling face with horns	demon|devil|evil|face|fairy|fairytale|fantasy|horns|purple|shade|smile|smiling|tale	കൊമ്പുകളുള്ള പുഞ്ചിരിക്കുന്ന മുഖം	കൊമ്പുകൾ|ചിരി|പുഞ്ചിരി|ഫാന്റസി|മുഖം|മുത്തശ്ശിക്കഥ
👿	angry face with horns	angry|demon|devil|evil|face|fairy|fairytale|fantasy|horns|imp|mischievous|purple|shade|tale	കുട്ടിപ്പിശാച്	ചെകുത്താൻ|പിശാച്|ഫാന്റസി|മുഖം|മുത്തശ്ശിക്കഥ|സത്താൻ
💀	skull	body|dead|death|face|fairy|fairytale|i’m|lmao|monster|tale|yolo	തലയോട്ടി	മരണം|മുഖം|മുത്തശ്ശിക്കഥ|രാക്ഷസൻ|ശരീരം
☠️	skull and crossbones	bone|crossbones|dead|death|face|monster|skull	അപായം	തലയോട്ടി|മരണം|മുഖം|രാക്ഷസൻ|ശരീരം
💩	pile of poo	bs|comic|doo|dung|face|fml|monster|pile|poo|poop|smelly|smh|stink|stinks|stinky|turd	ചാണക കൂമ്പാരം	അവശിഷ്ടം|കോമിക്ക്|ചാണകം|തീട്ടം|മുഖം|രാക്ഷസൻ|സരസമായ
🤡	clown face	clown|face	കോമാളി ഭാവം	കോമാളി|ഭാവം|മുഖം
👹	ogre	creature|devil|face|fairy|fairytale|fantasy|mask|monster|scary|tale	രാക്ഷസൻ	ജന്തു|ജപ്പാനീസ്|ജീവി|ഫാന്റസി|മുഖം|മുത്തശ്ശിക്കഥ
👺	goblin	angry|creature|face|fairy|fairytale|fantasy|mask|mean|monster|tale	കുട്ടിച്ചാത്തൻ	ജന്തു|ജപ്പാനീസ്|ഫാന്റസി|മുഖം|മുത്തശ്ശിക്കഥ|രാക്ഷസൻ
👻	ghost	boo|creature|excited|face|fairy|fairytale|fantasy|halloween|haunting|monster|scary|silly|tale	ഭൂതം	ജന്തു|ജീവി|മുഖം|മുത്തശ്ശിക്കഥ|രാക്ഷസൻ
👽	alien	creature|extraterrestrial|face|fairy|fairytale|fantasy|monster|space|tale|ufo	അന്യഗ്രഹജീവി	അന്യഗ്രഹപരം|ജീവി|പരദേശി|പറക്കുംതളിക|ഭ്രമകൽപ്പന|മുഖം
👾	alien monster	alien|creature|extraterrestrial|face|fairy|fairytale|fantasy|game|gamer|games|monster|pixelated|space|tale|ufo	അന്യഗ്രഹ ഭീകരജീവി	അന്യഗ്രഹപരം|ജീവി|പരദേശി|പറക്കുംതളിക|ഭ്രമകൽപ്പന|മുഖം
🤖	robot	face|monster	റോബോട്ടിന്റെ മുഖം	മുഖം|രാക്ഷസൻ|റോബോട്ട്
😺	grinning cat	animal|cat|face|grinning|mouth|open|smile|smiling	കളിയാക്കി ചിരിക്കുന്ന പൂച്ച മുഖം	ചിരി|തുറന്ന|പുഞ്ചിരി|പൂച്ച|മുഖം|വായ
😸	grinning cat with smiling eyes	animal|cat|eye|eyes|face|grin|grinning|smile|smiling	പുഞ്ചിരിക്കുന്ന കണ്ണുകളോടെ കളിയാക്കുന്ന പൂച്ച മുഖം	ഇളിക്കുന്ന പൂച്ചമുഖം|കണ്ണ്|കളിയാക്കൽ|പൂച്ച|മുഖം
😹	cat with tears of joy	animal|cat|face|joy|laugh|laughing|lol|tear|tears	ആനന്ദാശ്രുക്കളുള്ള പൂച്ച മുഖം	ആനന്ദാശ്രു|പൂച്ച|സന്തോഷം
😻	smiling cat with heart-eyes	animal|cat|eye|face|heart|heart-eyes|love|smile|smiling	ഹൃദയാകൃതിയിലുള്ള കണ്ണുകളുള്ള പുഞ്ചിരിക്കുന്ന പൂച്ച മുഖം	കണ്ണ്|പുഞ്ചിരി|പൂച്ച|മുഖം|സ്നേഹം|ഹൃദയം
😼	cat with wry smile	animal|cat|face|ironic|smile|wry	പരിഹാസച്ചിരിയുള്ള പൂച്ച മുഖം	നീരസം|പരിഹാസം|പരിഹാസച്ചിരി|പുഞ്ചിരി|പൂച്ച
😽	kissing cat	animal|cat|closed|eye|eyes|face|kiss|kissing	കണ്ണടച്ച് ചുംബിക്കുന്ന പൂച്ചമുഖം	കണ്ണ്|ചുംബനം|പൂച്ച|മുഖം
🙀	weary cat	animal|cat|face|oh|surprised|weary	ക്ഷീണമുള്ള പൂച്ച മുഖം	അയ്യോ|ആശ്ചര്യം|ക്ഷീണം|പൂച്ച|മുഖം
😿	crying cat	animal|cat|cry|crying|face|sad|tear	കരയുന്ന പൂച്ച മുഖം	കണ്ണീർ|കരച്ചിൽ|പൂച്ച|മൃഗം
😾	pouting cat	animal|cat|face|pouting	മുഷിച്ചിൽ അനുഭവപ്പെടുന്ന പൂച്ചമുഖം	അമർഷം|കോപം|പൂച്ച|മുഖം
🙈	see-no-evil monkey	embarrassed|evil|face|forbidden|forgot|gesture|hide|monkey|no|omg|prohibited|scared|secret|smh|watch	മോശമായ കാര്യങ്ങൾ കാണരുത്	കാണുക|കുരങ്ങ്|തിന്മ|തിന്മ കാണരുത്|നാണം പ്രകടിപ്പിക്കുന്ന കുരങ്ങന്റെ മുഖം|മുഖം|വിലക്കപ്പെട്ടത്
🙉	hear-no-evil monkey	animal|ears|evil|face|forbidden|gesture|hear|listen|monkey|no|not|prohibited|secret|shh|tmi	മോശമായ കാര്യങ്ങൾ കേൾക്കരുത്	എനിക്കൊന്നും കേൾക്കേണ്ടെന്ന് കാണിക്കുന്ന കുരങ്ങൻ|കുരങ്ങ്|കേൾക്കുക|തിന്മ|തിന്മ കേൾക്കരുത്|മുഖം|വിലക്കപ്പെട്ടത്
🙊	speak-no-evil monkey	animal|evil|face|forbidden|gesture|monkey|no|not|oops|prohibited|quiet|secret|speak|stealth	മോശമായ കാര്യങ്ങൾ പറയരുത്	കുരങ്ങ്|കുറ്റബോധത്തിന്റെ അന്താളിപ്പിൽ നിൽക്കുന്ന കുരങ്ങൻ|തിന്മ|തിന്മ പറയരുത്|മുഖം|വിലക്കപ്പെട്ടത്|സംസാരിക്കുക
💌	love letter	heart|letter|love|mail|romance|valentine	പ്രണയ ലേഖനം	കത്ത്|പ്രണയം|പ്രണയലേഖനം|റൊമാൻസ്
💘	heart with arrow	143|adorbs|arrow|cupid|date|emotion|heart|ily|love|romance|valentine	അമ്പടയാളത്തോടൊപ്പമുള്ള ഹൃദയം	അമ്പേറ്റ ഹൃദയം|അമ്പ്|പ്രണയം|വികാരം|ഹൃദയം|ഹൃദയവും അമ്പും
💝	heart with ribbon	143|anniversary|emotion|heart|ily|kisses|ribbon|valentine|xoxo	റിബൺ ചുറ്റിയ ഹൃദയം	വാലന്റൈൻ|വികാരം|ഹൃദയം|റിബൺ
💖	sparkling heart	143|emotion|excited|good|heart|ily|kisses|morning|night|sparkle|sparkling|xoxo	തിളങ്ങുന്ന ഹൃദയം	അത്ഭുതം|ആവേശം|ആശ്ചര്യം|തിളക്കം|പ്രണയം|വികാരം
💗	growing heart	143|emotion|excited|growing|heart|heartpulse|ily|kisses|muah|nervous|pulse|xoxo	വികസിക്കുന്ന ഹൃദയം	അത്ഭുതം|ആവേശം|ജിജ്ഞാസ|പരിഭ്രാന്തി|പ്രണയം|വികാരം|ഹൃദയം|ഹൃദയതാളം|ഹൃദയമിടിപ്പ്
💓	beating heart	143|beating|cardio|emotion|heart|heartbeat|ily|love|pulsating|pulse	സ്പന്ദിക്കുന്ന ഹൃദയം	തുടിപ്പുന്ന ഹൃദയം|തുടിപ്പ്|പ്രണയം|മിടിപ്പ്|വികാരം|ഹൃദയം
💞	revolving hearts	143|adorbs|anniversary|emotion|heart|hearts|revolving	കറങ്ങുന്ന ഹൃദയങ്ങൾ	ചുറ്റൽ|ചുറ്റുന്ന ഹൃദയങ്ങൾ
💕	two hearts	143|anniversary|date|dating|emotion|heart|hearts|ily|kisses|love|loving|two|xoxo	രണ്ട് ഹൃദയങ്ങൾ	പ്രണയം|പ്രണയികൾ|വികാരം
💟	heart decoration	143|decoration|emotion|heart|hearth|purple|white	ഹൃദയ അലങ്കാരം	ഹൃദയം
❣️	heart exclamation	exclamation|heart|heavy|mark|punctuation	ഹൃദയാകൃതിയിലുള്ള ആശ്ചര്യ ചിഹ്നം	അടയാളം|ആശ്ചര്യപ്രകടനം|വിരാമചിഹ്നം|ഹൃദയാകൃതിയിലുള്ള ചിഹ്നം|ഹൃദയാകൃതിയിലെ ആശ്ചര്യ ചിഹ്നം
💔	broken heart	break|broken|crushed|emotion|heart|heartbroken|lonely|sad	തകർന്ന ഹൃദയം	തകരുക|തകർന്നു|ഹൃദയം
❤️‍🔥	heart on fire	burn|fire|heart|love|lust|sacred	ഹൃദയത്തിൽ തീ	കാമം|പൊള്ളൽ|പ്രേമം|വിശുദ്ധ ഹൃദയം|ഹൃദയം
❤️‍🩹	mending heart	healthier|heart|improving|mending|recovering|recuperating|well	സുഖം പ്രാപിക്കുന്ന ഹൃദയം	കൂടുതൽ ആരോഗ്യകരം|നന്നാവുക|നല്ലത്|മെച്ചപ്പെടുക|സുഖം പ്രാപിക്കുക|സുഖപ്പെടുക
❤️	red heart	emotion|heart|love|red	ചുവന്ന ഹൃദയം	ഇഷ്ടം|ചുവപ്പ്|ഹൃദയം
🩷	pink heart	143|adorable|cute|emotion|heart|ily|like|love|pink|special|sweet	പിങ്ക് നിറത്തിലുള്ള ഹൃദയചിഹ്നം	ഇഷ്ടം|ചന്തമുള്ള|പിങ്ക്|പ്രണയം|പ്രേമം|ഭംഗി|സ്നേഹം|ഹൃദയം|ഹൃദയചിഹ്നം
🧡	orange heart	143|heart|orange	ഓറഞ്ച് ഹൃദയം	ഓറഞ്ച്
💛	yellow heart	143|cardiac|emotion|heart|ily|love|yellow	മഞ്ഞ ഹൃദയം	പ്രണയം|മഞ്ഞ|വികാരം|ഹൃദയം
💚	green heart	143|emotion|green|heart|ily|love|romantic	പച്ച ഹൃദയം	പച്ച
💙	blue heart	143|blue|emotion|heart|ily|love|romance	നീല ഹൃദയം	നീല
🩵	light blue heart	143|blue|cute|cyan|emotion|heart|ily|light|like|love|sky|special|teal	ഇളം നീല നിറത്തിലുള്ള ഹൃദയചിഹ്നം	ഇളം നീല|ഇളം നീല ഹൃദയം|ടീൽ|പ്രണയം|സിയാൻ|ഹൃദയം|ഹൃദയചിഹ്നം
💜	purple heart	143|bestest|emotion|heart|ily|love|purple	പർപ്പിൾ ഹൃദയം	പർപ്പിൾ
🤎	brown heart	143|brown|heart	ബ്രൗൺ ഹൃദയം	ബ്രൗൺ|ഹൃദയം
🖤	black heart	black|evil|heart|wicked	കറുത്ത ഹൃദയം	കറുപ്പ്|ക്രൂരനായ|തിന്മ
🩶	grey heart	143|emotion|gray|grey|heart|ily|love|silver|slate|special	ചാര നിറത്തിലുള്ള ഹൃദയചിഹ്നം	ചാര നിറം|ചാര നിറ ഹൃദയചിഹ്നം|പ്രണയം|വെള്ളി|സ്ലേറ്റ്|ഹൃദയം|ഹൃദയചിഹ്നം
🤍	white heart	143|heart|white	വെളുത്ത ഹൃദയം	വെള്ള|വെള്ള ഹൃദയം
💋	kiss mark	dating|emotion|heart|kiss|kissing|lips|mark|romance|sexy	ചുംബന മുദ്ര	അനുരാഗം|ചുണ്ടുകൾ|ചുംബനം|ഡേറ്റിംഗ്|സെക്സി
💯	hundred points	100|a+|agree|clearly|definitely|faithful|fleek|full|hundred|keep|perfect|point|score|TRUE|truth|yup	100 പോയിന്റ്	100|നൂറ്|ഫുൾ|സ്കോർ
💢	anger symbol	anger|angry|comic|mad|symbol|upset	ദേഷ്യ ചിഹ്നം	കോപം|കോപ ചിഹ്നം|കോമിക്ക്|ദേഷ്യം|ഭ്രാന്തുളള
🫯	fight cloud	argument|brawl|debate|disagreement|fight|ruckus|wrestle	ഏറ്റുമുട്ടലിനെ സൂചിപ്പിക്കുന്ന പുകപടലം	കലഹം|കോലാഹലം|മൽപ്പിടുത്തം|വാദം|വിയോജിപ്പ്|സംഘർഷം|സംവാദം
💥	collision	bomb|boom|collide|comic|explode	കൂട്ടിയിടി	കോമിക്ക്|ബൂം|സ്ഫോടനം
💫	dizzy	comic|shining|shooting|star|stars	മോഹാലസ്യം	കോമിക്ക്|നക്ഷത്രം|വാൽനക്ഷത്രം
💦	sweat droplets	comic|drip|droplet|droplets|drops|splashing|squirt|sweat|water|wet|work|workout	വിയർപ്പ് തുള്ളികൾ	കോമിക്ക്|വിയർപ്പ്|വിയർപ്പ് തെറിക്കുന്നു
💨	dashing away	away|cloud|comic|dash|dashing|fart|fast|go|gone|gotta|running|smoke	വേഗത	ഓടുന്നു|കോമിക്ക്|ഡാഷ്|ഡാഷ് ചിഹ്നം
🕳️	hole		കുഴി	കൂഴി
💬	speech balloon	balloon|bubble|comic|dialog|message|sms|speech|talk|text|typing	സംഭാഷണ ബലൂൺ	കുമിള|കോമിക്|ഡയലോഗ്|ബലൂൺ|സംഭാഷണം
👁️‍🗨️	eye in speech bubble	balloon|bubble|eye|speech|witness	സ്പീച്ച് ബബിളിലെ കണ്ണ്	കണ്ണ്|ദൃസാക്ഷി|ബബിൾ|ബലൂൺ|സംഭാഷണം|സാക്ഷി
🗨️	left speech bubble	balloon|bubble|dialog|left|speech	ഇടത്തേക്കുള്ള സംഭാഷണ ബബിൾ	കുമിള|ഡയലോഗ്|ബബിൾ|ബലൂൺ|സംഭാഷണം
🗯️	right anger bubble	anger|angry|balloon|bubble|mad|right	വലത്തേക്കുള്ള ദേഷ്യ ബലൂൺ	കോപം|ദേഷ്യം|ബബിൾ|ബലൂൺ|വലത്തേക്കുള്ള ദേഷ്യം പ്രകടിപ്പിക്കുന്ന ബബിൾ
💭	thought balloon	balloon|bubble|cartoon|cloud|comic|daydream|decisions|dream|idea|invent|invention|realize|think|thoughts|wonder	ചിന്താ ബലൂൺ	കുമിള|കോമിക്|ചിന്ത|ബലൂൺ
💤	ZZZ	comic|good|goodnight|night|sleep|sleeping|sleepy|tired|zzz	കൂർക്കംവലി	ഉറക്കം|കോമിക്ക്|ഗുഡ് നൈറ്റ്|ഗുഡ്നൈറ്റ്|ശുഭരാത്രി
👋	waving hand	bye|cya|g2g|greetings|gtg|hand|hello|hey|hi|later|outtie|ttfn|ttyl|wave|yo|you	വീശുന്ന കൈ	കൈ|പോയ് വരാം|വീശുക|വീശുന്നു|റ്റാറ്റാ
🤚	raised back of hand	back|backhand|hand|raised	ഉയർത്തിയ പുറം കൈ	ഉയർത്തിയത്|പുറം കൈ
🖐️	hand with fingers splayed	finger|fingers|hand|raised|splayed|stop	വിടർത്തിയ വിരലുകളുള്ള കൈ	ഉയർത്തിയ കൈപ്പത്തി|കൈ|വിടർത്തിയ|വിരൽ
✋	raised hand	5|five|hand|high|raised|stop	ഉയർത്തിയ കൈ	കൈ|ഹൈ 5|ഹൈ ഫൈവ്
🖖	vulcan salute	finger|hand|hands|salute|Vulcan	വൾക്കൻ സല്യൂട്ട്	കൈ|വൾക്കൻ|വിരൽ|സ്പോക്ക്
🫱	rightwards hand	hand|handshake|hold|reach|right|rightward|rightwards|shake	വലത്തോട്ടുള്ള കൈ	കൈ|കൈ കുലുക്കൽ|നമസ്കാരം|വലത്|വലത്തോട്ട്|ഹാൻഡ് ഷെയ്ക്ക്
🫲	leftwards hand	hand|handshake|hold|left|leftward|leftwards|reach|shake	ഇടത്തോട്ടുള്ള കൈ	ഇടത്|ഇടത്തോട്ട്|കൈ|കൈകുലുക്കൽ|ഹാൻഡ് ഷെയ്ക്ക്
🫳	palm down hand	dismiss|down|drop|dropped|hand|palm|pick|shoo|up	പത്തി താഴ്ത്തിയ കൈ	എടുക്കുക|ഡിസ്മിസ്|താഴെയിട്ടു|പുറംതള്ളുക|വീഴുക|വീഴ്ത്തുക|ശൂ
🫴	palm up hand	beckon|catch|come|hand|hold|know|lift|me|offer|palm|tell	പത്തി ഉയർത്തിയ കൈ	അറിയില്ല|ആംഗ്യം കാട്ടുക|പറയൂ|പിടിക്കുക|വരുക|വാഗ്ദാനം|സഹായം|സഹായിക്കാം
🫷	leftwards pushing hand	block|five|halt|hand|high|hold|leftward|leftwards|pause|push|pushing|refuse|slap|stop|wait	ഇടത്തോട്ട് തള്ളുന്ന കൈ	ഇടത്തോട്ട്|കാത്തിരിക്കൂ|തള്ളുക|നിരസിക്കുക|നിർത്തുക|വിസമ്മതിക്കുക|വേണ്ട|ഹൈ ഫൈവ്
🫸	rightwards pushing hand	block|five|halt|hand|high|hold|pause|push|pushing|refuse|rightward|rightwards|slap|stop|wait	വലത്തോട്ട് തള്ളുന്ന കൈ	കാത്തിരിക്കൂ|തള്ളുക|നിരസിക്കുക|നിർത്തുക|മതി|വലത്തോട്ട്|വിസമ്മതിക്കുക|വേണ്ട|ഹൈ ഫൈവ്
👌	OK hand	awesome|bet|dope|fleek|fosho|got|gotcha|hand|legit|OK|okay|pinch|rad|sure|sweet|three	അസലായെന്ന് കാണിക്കുന്ന ചിഹ്നം	അടിപൊളി|അസ്സലായി|കിടിലൻ|കൈ|ശരി|ശരീരം
🤌	pinched fingers	fingers|gesture|hand|hold|huh|interrogation|patience|pinched|relax|sarcastic|ugh|what|zip	നുള്ളിപ്പിടിച്ച വിരലുകൾ	ആക്ഷേപസൂചകം|കാക്കൂ|കൈ|കൈയാംഗ്യം|ക്ഷമ|ചോദ്യംചെയ്യൽ|നുള്ളിപ്പിടിച്ച|വിരലുകൾ
🤏	pinching hand	amount|bit|fingers|hand|little|pinching|small|sort	കുറച്ച് എന്ന് കാണിക്കുന്ന കൈ	അല്പം|കുറച്ച്
✌️	victory hand	hand|peace|v|victory	വിജയ ചിഹ്നം	v|കൈ|വിജയം
🤞	crossed fingers	cross|crossed|finger|fingers|hand|luck	ഭാഗ്യസൂചന	കൈ|ഭാഗ്യം|വിരൽ
🫰	hand with index finger and thumb crossed	<3|crossed|expensive|finger|hand|heart|index|love|money|snap|thumb	പണം കൊടുക്കുക	ചെലവേറിയത്|ചെലവ് കൂടിയത്|ഞൊടിക്കുക|നൊടി|പണം|പണമുണ്ടോ|സ്നേഹം|ഹൃദയം
🤟	love-you gesture	fingers|gesture|hand|ILY|love|love-you|three|you	ഞാൻ നിന്നെ സ്നേഹിക്കുന്നു എന്ന ആംഗ്യം	ഐ ലവ് യൂ|കൈ|ഞാൻ നിന്നെ സ്നേഹിക്കുന്നു|വിരലുകൾ
🤘	sign of the horns	finger|hand|horns|rock-on|sign	കൊമ്പുകളുടെ ചിഹ്നം	ആഘോഷിക്കുക|കൈ|കൊമ്പുകൾ|ബാബ|മുദ്ര|വിരൽ|റോക്ക് ഓൺ
🤙	call me hand	call|hand|hang|loose|me|Shaka	വിളിക്കാനുള്ള സൂചന	കൈ|വിളിക്കുക
👈	backhand index pointing left	backhand|finger|hand|index|left|point|pointing	ഇടത്തേക്ക് ചൂണ്ടുന്ന ചൂണ്ടുവിരൽ	ഇൻഡക്സ്|കൈ|പുറംകൈ|പോയിന്റുചെയ്യുക|വിരൽ
👉	backhand index pointing right	backhand|finger|hand|index|point|pointing|right	വലത്തേക്ക് ചൂണ്ടുന്ന ചൂണ്ടുവിരൽ	ഇൻഡക്സ്|കൈ|ചൂണ്ടുക|പുറംകൈ|പോയന്റുചെയ്യുക|വിരൽ|ശരീരം
👆	backhand index pointing up	backhand|finger|hand|index|point|pointing|up	മുകളിലേക്ക് ചൂണ്ടുന്ന ചൂണ്ടുവിരൽ	ഇൻഡക്സ്|കൈ|ചൂണ്ടുക|പുറംകൈ|പോയന്റുചെയ്യുക|മുകളിലേക്ക്|വിരൽ|ശരീരം
🖕	middle finger	finger|hand|middle	നടുവിരൽ	കൈ|വിരൽ
👇	backhand index pointing down	backhand|down|finger|hand|index|point|pointing	താഴേക്ക് ചൂണ്ടുന്ന ചൂണ്ടുവിരൽ	ഇൻഡക്സ്|കൈ|താഴേക്ക്|പുറംകൈ|പോയന്റുചെയ്യുക|വിരൽ|ശരീരം
☝️	index pointing up	finger|hand|index|point|pointing|this|up	മുകളിലേക്ക് ചൂണ്ടുന്ന വിരൽ	ഇൻഡക്സ്|കൈ|ചൂണ്ടുക|പോയിന്റുചെയ്യുക|പോയിന്റ്|മുകളിൽ|വിരൽ
🫵	index pointing at the viewer	at|finger|hand|index|pointing|poke|viewer|you	കാഴ്ചക്കാരന് നേരെ ചൂണ്ടുന്ന വിരൽ	ചൂണ്ടുക|ചൂണ്ടുവിരൽ|നിങ്ങൾ|നീ തന്നെ|വിരൽ
👍	thumbs up	+1|good|hand|like|thumb|up|yes	കൊള്ളാം	+1|ഇഷ്ടമായി|കിടിലൻ|കൈ|തകർത്തു|നന്നായി|ശരീരം
👎	thumbs down	-1|bad|dislike|down|good|hand|no|nope|thumb|thumbs	മോശം	അനിഷ്ടം|ഇഷ്ടക്കേട്|ഇഷ്ടമായില്ല|കൈ|നല്ലതല്ല|ശരീരം
✊	raised fist	clenched|fist|hand|punch|raised|solidarity	ഉയർത്തിയ മുഷ്ടി	ഇടിക്കുക|കൈ|നിവർത്തിയ മുഷ്ടി|മുഷ്ടി|മുഷ്ടി ചുരുട്ടി|ശരീരം
👊	oncoming fist	absolutely|agree|boom|bro|bruh|bump|clenched|correct|fist|hand|knuckle|oncoming|pound|punch|rock|ttyl	നേരെ വരുന്ന മുഷ്ടി	ഇടിക്കുക|കൈ|മുഷ്ടി|മുഷ്ടി ചുരുട്ടി|ശരീരം
🤛	left-facing fist	fist|left-facing|leftwards	ഇടത്തേക്കുള്ള മുഷ്ടി	ഇടത്തേക്കുള്ള മുഷ്ടി ചുരുട്ടൽ|ഇടത്തേക്ക്|ചുരുട്ടുക
🤜	right-facing fist	fist|right-facing|rightwards	വലത്തോട്ട് ചുരുട്ടിയ കൈ	ചുരുട്ടുക|വലത്തേക്ക്
👏	clapping hands	applause|approval|awesome|clap|congrats|congratulations|excited|good|great|hand|homie|job|nice|prayed|well|yay	കൈയ്യടി	കൈ|കൈകൊട്ടൽ ചിഹ്നം|കൈകൊട്ടുക|ശരീരം
🙌	raising hands	celebration|gesture|hand|hands|hooray|praise|raised|raising	കൈകൾ ഉയർത്തുന്ന വ്യക്തി	ആംഗ്യം|ആഘോഷം|കൈ|കൈ ഉയർത്തുക|ശരീരം|ഹുറേയ്
🫶	heart hands	<3|hands|heart|love|you	കൈകളാലുള്ള ഹൃദയം	കൈകൾ|പ്രണയം|പ്രണയിക്കുന്നു|സ്നേഹം|ഹൃദയം
👐	open hands	hand|hands|hug|jazz|open|swerve	തുറന്ന കൈകൾ	കൈ|തുറക്കുക
🤲	palms up together	cupped|dua|hands|palms|pray|prayer|together|up|wish	ഇരുകൈകളും ഒരുമിച്ചുയർത്തൽ	പ്രാർത്ഥന
🤝	handshake	agreement|deal|hand|meeting|shake	ഹസ്തദാനം	കുലുക്കുക|കൂടിക്കാഴ്ച|കൈ|സമ്മതം
🙏	folded hands	appreciate|ask|beg|blessed|bow|cmon|five|folded|gesture|hand|high|please|pray|thanks|thx	കൂപ്പുകൈ	കൈ|ചോദിക്കുക|ദയവായി|നന്ദി|പ്രാർത്ഥിക്കുക
✍️	writing hand	hand|write|writing	എഴുതുന്ന കൈ	എഴുതുക|കൈ|കൈയ്യെഴുത്ത്|ശരീരം
💅	nail polish	bored|care|cosmetics|done|makeup|manicure|nail|polish|whatever	നെയിൽ പോളിഷ്	കോസ്മെറ്റിക്സ്|നഖം|പരിരക്ഷ|പോളിഷ്|മാനിക്യൂർ
🤳	selfie	camera|phone	സെൽഫി	ക്യാമറ|ഫോൺ
💪	flexed biceps	arm|beast|bench|biceps|bodybuilder|bro|curls|flex|gains|gym|jacked|muscle|press|ripped|strong|weightlift	കൈയ്യിലെ മസിൽ	കോമിക്ക്|മസിൽ|ശക്തി|ശക്തി കാണിക്കുക|ശരീരം
🦾	mechanical arm	accessibility|arm|mechanical|prosthetic	യന്ത്രക്കൈ	ആക്സസബിലിറ്റി|കൃത്രിമമായ
🦿	mechanical leg	accessibility|leg|mechanical|prosthetic	യന്ത്രക്കാൽ	ആക്സസബിലിറ്റി|കൃത്രിമമായ
🦵	leg	bent|foot|kick|knee|limb	കാല്	അവയവം|തൊഴി
🦶	foot	ankle|feet|kick|stomp	കാൽപ്പാദം	അമർത്തിച്ചവിട്ടി നടക്കുക|തൊഴി
👂	ear	body|ears|hear|hearing|listen|listening|sound	ചെവി	ശരീരം
🦻	ear with hearing aid	accessibility|aid|ear|hard|hearing	ശ്രവണസഹായി വച്ചിരിക്കുന്ന ചെവി	ആക്സസബിലിറ്റി|കേൾവിത്തകരാറ്
👃	nose	body|noses|nosey|odor|smell|smells	മൂക്ക്	ശരീരം
🧠	brain	intelligent|smart	തലച്ചോർ	വിവേകമുള്ള
🫀	anatomical heart	anatomical|beat|cardiology|heart|heartbeat|organ|pulse|real|red	ഹൃദയഘടന	അവയവം|കാർഡിയോളജി|ഘടനാപരം|ഹൃദയം|ഹൃദയതാളം
🫁	lungs	breath|breathe|exhalation|inhalation|lung|organ|respiration	ശ്വാസകോശം	അവയവം|നിശ്വാസം|ശ്വസനം|ശ്വാസം|ശ്വാസം വലിക്കുക|ശ്വാസംവിടുക|റെസ്പിരേഷൻ
🦷	tooth	dentist|pearly|teeth|white	പല്ല്	ദന്തരോഗവിദഗ്ദ്ധൻ
🦴	bone	bones|dog|skeleton|wishbone	എല്ല്	അസ്ഥികൂടം
👀	eyes	body|eye|face|googly|look|looking|omg|peep|see|seeing	കണ്ണുകൾ	ഒളിഞ്ഞു നോക്കുന്ന കണ്ണുകൾ|കണ്ണ്|മുഖം
👁️	eye	1|body|one	കണ്ണ്	ശരീരം
👅	tongue	body|lick|slurp	നാവ്	ശരീരം
👄	mouth	beauty|body|kiss|kissing|lips|lipstick	വായ	ചുണ്ടുകൾ
🫦	biting lip	anxious|bite|biting|fear|flirt|flirting|kiss|lip|lipstick|nervous|sexy|uncomfortable|worried|worry	ചുണ്ട് കടിക്കൽ	ആകുലത|ആകുലതയുള്ള|ഉത്കണ്ഠാകുലം|ഉൽക്കണ്ഠ|ചുണ്ട്|ചുംബനം|ചെഞ്ചുണ്ട്|പേടി
👶	baby	babies|children|goo|infant|newborn|pregnant|young	കുഞ്ഞ്	ചെറുപ്പം
🧒	child	bright-eyed|grandchild|kid|young|younger	കുട്ടി	അനിശ്ചിത ലിംഗഭേദം|ചെറുപ്പം|ലിംഗഭേദമില്ല
👦	boy	bright-eyed|child|grandson|kid|son|young|younger	ആൺകുട്ടി	ചെറുപ്പം
👧	girl	bright-eyed|child|daughter|granddaughter|kid|Virgo|young|younger|zodiac	പെൺകുട്ടി	കന്നിരാശി|ചെറുപ്പം|രാശിചക്രം
🧑	person	adult	വ്യക്തി	അനിശ്ചിത ലിംഗഭേദം|മുതിർന്നയാൾ|ലിംഗഭേദമില്ല
👱	person: blond hair	blond|blond-haired|human|person	വ്യക്തി: സ്വർണ്ണത്തലമുടി	തലമുടി|പുഞ്ചിരി|ബ്ലോണ്ട്|മഞ്ഞമുഖം|മുഖം|സ്വർണ്ണത്തലമുടി|സ്വർണ്ണത്തലമുടിയുള്ള വ്യക്തി|സ്വർണ്ണവർണ്ണം
👨	man	adult|bro	പുരുഷൻ	മുതിർന്നയാൾ
🧔	person: beard	beard|bearded|person|whiskers	വ്യക്തി: താടി	താടി|താടിക്കാരൻ|താടിവച്ചയാൾ|വ്യക്തി
🧔‍♂️	man: beard	beard|bearded|man|whiskers	പുരുഷൻ: താടി	താടി|പുരുഷൻ
🧔‍♀️	woman: beard	beard|bearded|whiskers|woman	സ്ത്രീ: താടി	താടി|സ്ത്രീ|സ്ത്രീ : താടി
👩	woman	adult|lady	സ്ത്രീ	മുതിർന്നയാൾ
👱‍♀️	woman: blond hair	blond|blond-haired|blonde|hair|woman	സ്ത്രീ: സ്വർണ്ണത്തലമുടി	തലമുടി|സ്ത്രീ|സ്വർണ്ണത്തലമുടിക്കാരി|സ്വർണ്ണത്തലമുടിയുള്ള സ്ത്രീ
👱‍♂️	man: blond hair	blond|blond-haired|hair|man	പുരുഷൻ: സ്വർണ്ണത്തലമുടി	തലമുടി|പുരുഷൻ|സ്വർണ്ണത്തലമുടിയുള്ള പുരുഷൻ|സ്വർണ്ണവർണ്ണം
🧓	older person	adult|elderly|grandparent|old|person|wise	വയസ്സായ വ്യക്തി	മുതിർന്നയാൾ|വയസ്സായ ആൾ|വയോധിക|വാർദ്ധക്യം|വൃദ്ധൻ
👴	old man	adult|bald|elderly|gramps|grandfather|grandpa|man|old|wise	വൃദ്ധൻ	പുരുഷൻ|മുതിർന്നയാൾ|മുത്തശ്ശൻ|വയസ്സായ പുരുഷൻ|വാർദ്ധക്യം
👵	old woman	adult|elderly|grandma|grandmother|granny|lady|old|wise|woman	വൃദ്ധ	മുതിർന്നയാൾ|വയസ്സായ സ്ത്രീ|വാർദ്ധക്യം|സ്ത്രീ
🙍	person frowning	annoyed|disappointed|disgruntled|disturbed|frown|frowning|frustrated|gesture|irritated|person|upset	നീരസഭാവമുള്ള വ്യക്തി	ആംഗ്യം|കണ്ണുരുട്ടൽ|കോപഭാവം|നിരാശ|നീരസം|നെറ്റി ചുളിക്കൽ|നെറ്റി ചുളിക്കുക|നെറ്റി ചുളിക്കുന്ന സ്ത്രീ|മുഷിപ്പ്
🙍‍♂️	man frowning	annoyed|disappointed|disgruntled|disturbed|frown|frowning|frustrated|gesture|irritated|man|upset	നെറ്റി ചുളിക്കുന്നയാൾ	ആംഗ്യം|നീരസം പ്രകടിപ്പിക്കുന്ന|പുരുഷൻ
🙍‍♀️	woman frowning	annoyed|disappointed|disgruntled|disturbed|frown|frowning|frustrated|gesture|irritated|upset|woman	നെറ്റി ചുളിക്കുന്ന സ്ത്രീ	ആംഗ്യം|നീരസം പ്രകടിപ്പിക്കുന്ന|സ്ത്രീ
🙎	person pouting	disappointed|downtrodden|frown|grimace|person|pouting|scowl|sulk|upset|whine	ദേഷ്യപ്പെടുന്ന വ്യക്തി	കോപഭാവം|ചുണ്ടുകൂർപ്പിക്കുക|ചുണ്ടുകൂർപ്പിക്കുന്ന സ്ത്രീ|ചുണ്ട് കൂർപ്പിക്കൽ|ദേഷ്യപ്പെടുന്ന സ്ത്രീ|ദേഷ്യപ്പെടുന്നു|നിരാശ|നീരസം|നെറ്റി ചുളിക്കൽ
🙎‍♂️	man pouting	disappointed|downtrodden|frown|grimace|man|pouting|scowl|sulk|upset|whine	ചുണ്ടുകൂർപ്പിക്കുന്നയാൾ	ആംഗ്യം|ചുണ്ടുകൂർപ്പിക്കൽ|പുരുഷൻ
🙎‍♀️	woman pouting	disappointed|downtrodden|frown|grimace|pouting|scowl|sulk|upset|whine|woman	ചുണ്ടുകൂർപ്പിക്കുന്ന സ്ത്രീ	ആംഗ്യം|ചുണ്ടുകൂർപ്പിക്കൽ|സ്ത്രീ
🙅	person gesturing NO	forbidden|gesture|hand|NO|not|person|prohibit	സമ്മതമല്ലെന്ന് ആംഗ്യം കാണിക്കുന്നു	അരുത്|ആംഗ്യം|ഇല്ല എന്നുള്ള ആംഗ്യം കാണിക്കുന്ന വ്യക്തി|ഒരിക്കലുമില്ല|കൈ|ചെയ്യരുത്|തടയുക|നിരോധനം|നിരോധിക്കപ്പെട്ടത്|പാടില്ല|വിലക്കപ്പെട്ടത്|വേണ്ട
🙅‍♂️	man gesturing NO	forbidden|gesture|hand|man|NO|not|prohibit	വിലക്കുന്ന ആംഗ്യം കാണിക്കുന്നയാൾ	ആംഗ്യം|ഇല്ല എന്നുള്ള ആംഗ്യം കാണിക്കുന്ന പുരുഷൻ|കൈ|നിരോധിക്കപ്പെട്ടത്|പുരുഷൻ|വിലക്കപ്പെട്ടത്|വിസമ്മതം പ്രകടിപ്പിക്കുന്നയാൾ
🙅‍♀️	woman gesturing NO	forbidden|gesture|hand|NO|not|prohibit|woman	വിലക്കുന്ന ആംഗ്യം കാണിക്കുന്ന സ്ത്രീ	ആംഗ്യം|ഇല്ല എന്നുള്ള ആംഗ്യം കാണിക്കുന്ന സ്ത്രീ|കൈ|നിരോധിക്കപ്പെട്ടത്|വിലക്കപ്പെട്ടത്|സ്ത്രീ
🙆	person gesturing OK	exercise|gesture|gesturing|hand|OK|omg|person	സമ്മതമെന്ന് ആംഗ്യം കാണിക്കുന്നു	ആംഗ്യം|ഈശ്വരാ|എന്റെ ദൈവമേ|കൈ|തലയിൽ കൈവയ്ക്കുന്ന സ്ത്രീ|നല്ല ഭാവം|ഭാവം|രക്ഷപ്പെട്ടു|ശരി
🙆‍♂️	man gesturing OK	exercise|gesture|gesturing|hand|man|OK|omg	സമ്മതമെന്ന് ആംഗ്യം കാണിക്കുന്നയാൾ	അയ്യോ എന്ന് ആംഗ്യം കാണിക്കുന്ന പുരുഷൻ|ആംഗ്യം|പുരുഷൻ|സമ്മതം
🙆‍♀️	woman gesturing OK	exercise|gesture|gesturing|hand|OK|omg|woman	സമ്മതമെന്ന് ആംഗ്യം കാണിക്കുന്ന സ്ത്രീ	ആംഗ്യം|സമ്മതം|സ്ത്രീ
💁	person tipping hand	fetch|flick|flip|gossip|hand|person|sarcasm|sarcastic|sassy|seriously|tipping|whatever	വിവരങ്ങൾ നൽകുന്ന വ്യക്തി	ഉത്സാഹം|കിംവദന്തി|കൈ|ഗോസ്സിപ്പ്|ടിപ്പിംഗ്|പരിഹാസം|രഹസ്യവിവരം|വിവര ഡെസ്ക്ക്|സഹായം
💁‍♂️	man tipping hand	fetch|flick|flip|gossip|hand|man|sarcasm|sarcastic|sassy|seriously|tipping|whatever	വിവരം നൽകുന്നയാൾ	പുരുഷൻ|വിവരം|സഹായം
💁‍♀️	woman tipping hand	fetch|flick|flip|gossip|hand|sarcasm|sarcastic|sassy|seriously|tipping|whatever|woman	വിവരം നൽകുന്ന സ്ത്രീ	വിവരം|സഹായം|സ്ത്രീ
🙋	person raising hand	gesture|hand|here|know|me|person|pick|question|raise|raising	കൈ ഉയർത്തുന്ന വ്യക്തി	ആംഗ്യം|ഉയർത്തുക|എനിക്ക് അറിയാം|കൈ|കൈ ഉയർത്തുന്ന സന്തോഷവാനായ വ്യക്തി|ഞാൻ പറയാം|ഞാൻ സഹായിക്കാം|സന്തോഷം|സന്തോഷവാനായ വ്യക്തി
🙋‍♂️	man raising hand	gesture|hand|here|know|man|me|pick|question|raise|raising	കൈ ഉയർത്തുന്നയാൾ	കൈ ഉയർത്തൽ|പുരുഷൻ|സന്തോഷം
🙋‍♀️	woman raising hand	gesture|hand|here|know|me|pick|question|raise|raising|woman	കൈ ഉയർത്തുന്ന സ്ത്രീ	കൈ ഉയർത്തൽ|സന്തോഷം|സ്ത്രീ
🧏	deaf person	accessibility|deaf|ear|gesture|hear|person	ബധിരനായ വ്യക്തി	ആക്സസബിലിറ്റി|കേൾവി|ചെവി|ബധിരൻ
🧏‍♂️	deaf man	accessibility|deaf|ear|gesture|hear|man	ബധിരൻ	പുരുഷൻ
🧏‍♀️	deaf woman	accessibility|deaf|ear|gesture|hear|woman	ബധിര	സ്ത്രീ
🙇	person bowing	apology|ask|beg|bow|bowing|favor|forgive|gesture|meditate|meditation|person|pity|regret|sorry	തല കുനിയ്ക്കുന്ന വ്യക്തി	കുനിയുക|ക്ഷമ|ക്ഷമാപണം|ക്ഷമായാചന|ഖേദിക്കുന്നു|ധ്യാനം|മാപ്പ്|സോറി
🙇‍♂️	man bowing	apology|ask|beg|bow|bowing|favor|forgive|gesture|man|meditate|meditation|pity|regret|sorry	തലകുനിയ്ക്കുന്നയാൾ	ക്ഷമാപണം|തല കുനിയ്ക്കൽ|പുരുഷൻ
🙇‍♀️	woman bowing	apology|ask|beg|bow|bowing|favor|forgive|gesture|meditate|meditation|pity|regret|sorry|woman	തലകുനിയ്ക്കുന്ന സ്ത്രീ	ക്ഷമ യാചിക്കുന്ന സ്ത്രീ|ക്ഷമാപണം|തല കുനിയ്ക്കൽ|സ്ത്രീ
🤦	person facepalming	again|bewilder|disbelief|exasperation|facepalm|no|not|oh|omg|person|shock|smh	തലയിൽ കൈവയ്ക്കൽ	അവിശ്വാസം|കാണാൻ വയ്യ|കാണേണ്ട|തലയിൽ കൈ|മുഖം
🤦‍♂️	man facepalming	again|bewilder|disbelief|exasperation|facepalm|man|no|not|oh|omg|shock|smh	തലയിൽ കൈവയ്ക്കുന്നയാൾ	അവിശ്വാസം|ഈശ്വരാ|എന്റെ ദൈവമേ|കാണാൻ വയ്യ|കാണേണ്ട|തലയിൽ കൈവയ്ക്കൽ|പുരുഷൻ|സഹികെട്ടു
🤦‍♀️	woman facepalming	again|bewilder|disbelief|exasperation|facepalm|no|not|oh|omg|shock|smh|woman	തലയിൽ കൈവയ്ക്കുന്ന സ്ത്രീ	അവിശ്വാസം|ഈശ്വരാ|എന്റെ ദൈവമേ|കാണാൻ വയ്യ|കാണേണ്ട|തലയിൽ കൈവയ്ക്കൽ|സഹികെട്ടു|സ്ത്രീ
🤷	person shrugging	doubt|dunno|guess|idk|ignorance|indifference|knows|maybe|person|shrug|shrugging|whatever|who	തോൾ വെട്ടിക്കൽ	അജ്ഞത|അഭിപ്രായവ്യത്യാസം|ആയിരിക്കാം|എനിക്കറിയില്ല|എനിക്ക് അറിയില്ല|ഒരുപക്ഷേ|ഞാനല്ല|തോൾ|സംശയം
🤷‍♂️	man shrugging	doubt|dunno|guess|idk|ignorance|indifference|knows|man|maybe|shrug|shrugging|whatever|who	തോൾവെട്ടിക്കുന്നയാൾ	അഭിപ്രായവ്യത്യാസം|അവഗണിക്കൽ|ആയിരിക്കാം|എനിക്കറിയില്ല|എനിക്ക് അറിയില്ല|ഒരുപക്ഷേ|ഞാനല്ല|തോൾ|പുരുഷൻ
🤷‍♀️	woman shrugging	doubt|dunno|guess|idk|ignorance|indifference|knows|maybe|shrug|shrugging|whatever|who|woman	തോൾവെട്ടിക്കുന്ന സ്ത്രീ	അഭിപ്രായവ്യത്യാസം|അവഗണിക്കൽ|ആയിരിക്കാം|എനിക്കറിയില്ല|എനിക്ക് അറിയില്ല|ഞാനല്ല|തോൾ|സംശയം|സ്ത്രീ
🧑‍⚕️	health worker	doctor|health|healthcare|nurse|therapist|worker	ആരോഗ്യ സേവകൻ	ആരോഗ്യരക്ഷ|ഡോക്ടർ|തെറാപ്പിസ്റ്റ്|നഴ്സ്
👨‍⚕️	man health worker	doctor|health|healthcare|man|nurse|therapist|worker	ആരോഗ്യ പ്രവർത്തകൻ	ആരോഗ്യപാലനം|ഡോക്ടർ|നഴ്സ്|പുരുഷൻ
👩‍⚕️	woman health worker	doctor|health|healthcare|nurse|therapist|woman|worker	ആരോഗ്യ പ്രവർത്തക	ആരോഗ്യപാലനം|ഡോക്ടർ|നഴ്സ്|സ്ത്രീ
🧑‍🎓	student	graduate	വിദ്യാർത്ഥി	ബിരുദധാരി
👨‍🎓	man student	graduate|man|student	വിദ്യാർഥി	ആൺ
👩‍🎓	woman student	graduate|student|woman	വിദ്യാർഥിനി	പെൺ
🧑‍🏫	teacher	instructor|lecturer|professor	ടീച്ചർ	ഗുരു|പ്രൊഫസർ
👨‍🏫	man teacher	instructor|lecturer|man|professor|teacher	അധ്യാപകൻ	പരിശീലകൻ|പുരുഷൻ|പ്രൊഫസർ
👩‍🏫	woman teacher	instructor|lecturer|professor|teacher|woman	അധ്യാപിക	ടീച്ചർ|പരിശീലക|സ്ത്രീ
🧑‍⚖️	judge	justice|law|scales	ന്യായാധിപൻ	തുലാസുകൾ
👨‍⚖️	man judge	judge|justice|law|man|scales	ജഡ്ജി	കോടതി|നീതി|പുരുഷൻ
👩‍⚖️	woman judge	judge|justice|law|scales|woman	വനിതാ ജഡ്ജി	കോടതി|നീതി|സ്ത്രീ
🧑‍🌾	farmer	gardener|rancher	കർഷകൻ	കൃഷിക്കളത്തിന്റെ ഉടമ|തോട്ടക്കാരൻ
👨‍🌾	man farmer	farmer|gardener|man|rancher	കൃഷിക്കാരൻ	കർഷകൻ|പുരുഷൻ
👩‍🌾	woman farmer	farmer|gardener|rancher|woman	കർഷക	കൃഷിക്കളക്കാരി|കൃഷിക്കാരി|തോട്ടക്കാരി|സ്ത്രീ
🧑‍🍳	cook	chef	അടുക്കളക്കാരൻ	പാചകമുഖ്യൻ
👨‍🍳	man cook	chef|cook|man	പാചകക്കാരൻ	പുരുഷൻ|ഭക്ഷണം പാകം ചെയ്യുന്നയാൾ
👩‍🍳	woman cook	chef|cook|woman	പാചകക്കാരി	ഭക്ഷണം പാകം ചെയ്യുന്ന സ്ത്രീ|സ്ത്രീ
🧑‍🔧	mechanic	electrician|plumber|tradesperson	മെക്കാനിക്ക്	ഇലക്ട്രീഷ്യൻ|കച്ചവടക്കാരൻ|കച്ചവടക്കാരി|പ്ലംബ൪
👨‍🔧	man mechanic	electrician|man|mechanic|plumber|tradesperson	പുരുഷ മെക്കാനിക്	ഇലക്ട്രീഷ്യൻ|പ്ലംബർ|മെക്കാനിക്
👩‍🔧	woman mechanic	electrician|mechanic|plumber|tradesperson|woman	വനിതാ മെക്കാനിക്	പ്ലംബർ|മെക്കാനിക്|വനിതാ ഇലക്ട്രീഷ്യൻ
🧑‍🏭	factory worker	assembly|factory|industrial|worker	ഫാക്ടറിത്തൊഴിലാളി	അസംബ്ലി|തൊഴിലാളി|ഫാക്ടറി|വ്യവസായ
👨‍🏭	man factory worker	assembly|factory|industrial|man|worker	ഫാക്ടറി ജീവനക്കാരൻ	ജോലിക്കാരൻ|ഫാക്ടറി
👩‍🏭	woman factory worker	assembly|factory|industrial|woman|worker	ഫാക്ടറി ജീവനക്കാരി	ജോലിക്കാരി|ഫാക്ടറി
🧑‍💼	office worker	architect|business|manager|office|white-collar|worker	ഓഫീസ് ജോലിക്കാരൻ	ആർക്കിടെക്റ്റ്|ബിസിനസ്|മാനേജർ|വെള്ളക്കോളർ
👨‍💼	man office worker	architect|business|man|manager|office|white-collar|worker	ഓഫീസ് ജീവനക്കാരൻ	ഉദ്യോഗസ്ഥൻ|ഓഫീസ്|ബിസിനസ്
👩‍💼	woman office worker	architect|business|manager|office|white-collar|woman|worker	ഓഫീസ് ജീവനക്കാരി	ഉദ്യോഗസ്ഥ|ഓഫീസ്|ബിസിനസ്
🧑‍🔬	scientist	biologist|chemist|engineer|mathematician|physicist	ശാസ്ത്രകാരൻ	ഊർജ്ജതന്ത്രജ്ഞൻ|എഞ്ചിനീയർ|കെമിസ്റ്റ്|ജീവശാസ്ത്രജ്ഞൻ|ശാസ്ത്രജ്ഞൻ
👨‍🔬	man scientist	biologist|chemist|engineer|man|mathematician|physicist|scientist	ശാസ്ത്രജ്ഞൻ	ഊർജ്ജതന്ത്രജ്ഞൻ|കെമിസ്റ്റ്|ബയോളജിസ്റ്റ്
👩‍🔬	woman scientist	biologist|chemist|engineer|mathematician|physicist|scientist|woman	ശാസ്ത്രജ്ഞ	ഊർജ്ജതന്ത്രജ്ഞ|കെമിസ്റ്റ്|ബയോളജിസ്റ്റ്
🧑‍💻	technologist	coder|computer|developer|inventor|software	സാങ്കേതിക വിദഗ്ദ്ധൻ	ഉപജ്ഞാതാവ്|കോഡർ|ഡെവലപ്പർ|സോഫ്റ്റ്വെയർ
👨‍💻	man technologist	coder|computer|developer|inventor|man|software|technologist	സാങ്കേതിക വിദഗ്ധൻ	എഞ്ചിനീയർ|കോഡർ|ഡെവലപ്പർ
👩‍💻	woman technologist	coder|computer|developer|inventor|software|technologist|woman	സാങ്കേതിക വിദഗ്ധ	കോഡർ|ഡെവലപ്പർ|വനിത എഞ്ചിനീയർ
🧑‍🎤	singer	actor|entertainer|rock|rockstar|star	പാട്ടുകാരൻ	അഭിനേതാവ്|എൻറർടെയിനർ|താരം|റോക്ക്
👨‍🎤	man singer	actor|entertainer|man|rock|rockstar|singer|star	ഗായകൻ	പാട്ടുകാരൻ|സംഗീതം|സംഗീതജ്ഞൻ|റോക്ക്സ്റ്റാർ
👩‍🎤	woman singer	actor|entertainer|rock|rockstar|singer|star|woman	ഗായിക	പാട്ടുകാരി|സംഗീതം|സംഗീതജ്ഞ
🧑‍🎨	artist	palette	ആർട്ടിസ്റ്റ്	ചായത്തളിക
👨‍🎨	man artist	artist|man|palette	കലാകാരൻ	ചിത്രകാരൻ|സാഹിത്യകാരൻ
👩‍🎨	woman artist	artist|palette|woman	കലാകാരി	ചായപ്പലക|പാലറ്റ്|സ്ത്രീ
🧑‍✈️	pilot	plane	വൈമാനികൻ	വിമാനം
👨‍✈️	man pilot	man|pilot|plane	പൈലറ്റ്	പുരുഷൻ|ഫ്ലൈറ്റ്|വിമാനം
👩‍✈️	woman pilot	pilot|plane|woman	വനിതാ പൈലറ്റ്	ഫ്ലൈറ്റ്|വിമാനം|സ്ത്രീ
🧑‍🚀	astronaut	rocket|space	ബഹിരാകാശചാരി	ബഹിരാകാശ യാത്രികൻ|റോക്കറ്റ്
👨‍🚀	man astronaut	astronaut|man|rocket|space	ബഹിരാകാശയാത്രികൻ	പുരുഷൻ|ബഹിരാകാശം|റോക്കറ്റ്
👩‍🚀	woman astronaut	astronaut|rocket|space|woman	ബഹിരാകാശയാത്രിക	ബഹിരാകാശം|സ്ത്രീ|റോക്കറ്റ്
🧑‍🚒	firefighter	fire|firetruck	അഗ്നിശമന സേനാനി	ഫയർട്രക്ക്
👨‍🚒	man firefighter	fire|firefighter|firetruck|man	പുരുഷ അഗ്നിശമനസേനാംഗം	തീയണയ്ക്കുന്നയാൾ|പുരുഷൻ|ഫയർമാൻ
👩‍🚒	woman firefighter	fire|firefighter|firetruck|woman	വനിത അഗ്നിശമനസേനാംഗം	ഫയർ വുമൺ|സ്ത്രീ
👮	police officer	apprehend|arrest|citation|cop|law|officer|over|police|pulled|undercover	പോലീസ് ഉദ്യോഗസ്ഥൻ	അറസ്റ്റ്|ഉദ്യോഗസ്ഥൻ|പൊലീസ്|പൊലീസ് ഓഫീസർ|പോലീസുകാരൻ|പോലീസ്|പോലീസ് ഓഫീസർ
👮‍♂️	man police officer	apprehend|arrest|citation|cop|law|man|officer|over|police|pulled|undercover	പുരുഷ പോലീസ് ഉദ്യോഗസ്ഥൻ	ഉദ്യോഗസ്ഥൻ|പോലീസുകാരൻ
👮‍♀️	woman police officer	apprehend|arrest|citation|cop|law|officer|over|police|pulled|undercover|woman	പോലീസ് ഉദ്യോഗസ്ഥ	അറസ്റ്റ്|ഉദ്യോഗസ്ഥ|നിയമം|പൊലീസ് ഉദ്യോഗസ്ഥ|പോലീസുകാരി
🕵️	detective	sleuth|spy	കുറ്റാന്വേഷകൻ	ചാരൻ|ഡിറ്റക്റ്റീവ്
🕵️‍♂️	man detective	detective|man|sleuth|spy	പുരുഷ കുറ്റാന്വേഷകൻ	കുറ്റാന്വേഷണം|ചാരൻ
🕵️‍♀️	woman detective	detective|sleuth|spy|woman	കുറ്റാന്വേഷക	കുറ്റാന്വേഷണം|ചാര വനിത
💂	guard	buckingham|helmet|london|palace	അംഗരക്ഷകൻ	അംഗരക്ഷ|ആളുകൾ|ഗാർഡ്
💂‍♂️	man guard	buckingham|guard|helmet|london|man|palace	കാവൽക്കാരൻ	കാവൽ|സുരക്ഷാജീവനക്കാരൻ
💂‍♀️	woman guard	buckingham|guard|helmet|london|palace|woman	കാവൽക്കാരി	കാവൽ|സുരക്ഷാജീവനക്കാരി
🥷	ninja	assassin|fight|fighter|hidden|person|secret|skills|sly|soldier|stealth|war	നിഞ്ജ	ഒളിപ്പിച്ച|നിഞ്ച|പോരാട്ടം|പോരാളി|യുദ്ധം|ശക്തിയുള്ള
👷	construction worker	build|construction|fix|hardhat|hat|man|person|rebuild|remodel|repair|work|worker	നിർമ്മാണ തൊഴിലാളി	ആളുകൾ|കൺസ്ട്രക്ഷൻ|കൺസ്ട്രക്ഷൻ വർക്കർ|തൊപ്പി|തൊഴിലാളി|നിർമ്മാണം|ഹെൽമെറ്റ് അണിഞ്ഞ പുരുഷൻ|റിപ്പെയർ
👷‍♂️	man construction worker	build|construction|fix|hardhat|hat|man|rebuild|remodel|repair|work|worker	നിർമ്മാണ ജോലിക്കാരൻ	തൊഴിലാളി|നിർമ്മാണം
👷‍♀️	woman construction worker	build|construction|fix|hardhat|hat|man|rebuild|remodel|repair|woman|work|worker	നിർമ്മാണ ജോലിക്കാരി	തൊഴിലാളി സ്ത്രീ|നിർമ്മാണം
🫅	person with crown	crown|monarch|noble|person|regal|royal|royalty	കിരീടം ചൂടിയ വ്യക്തി	കിരീടം|കുലീനതയുള്ള|രാജകീയം|രാജപദവി|രാജാവ്|രാജ്ഞി
🤴	prince	crown|fairy|fairytale|fantasy|king|royal|royalty|tale	രാജകുമാരൻ	യുവരാജാവ്
👸	princess	crown|fairy|fairytale|fantasy|queen|royal|royalty|tale	രാജകുമാരി	മുത്തശ്ശിക്കഥ
👳	person wearing turban	person|turban|wearing	ടർബൻ ധരിച്ചയാൾ	ആളുകൾ|ടർബൻ|ടർബൻ അണിഞ്ഞ പുരുഷൻ|ടർബൻ ധരിച്ച പുരുഷൻ|തലപ്പാവ്|പുരുഷൻ|സിഖ്|സിംഗ്
👳‍♂️	man wearing turban	man|turban|wearing	തലപ്പാവ് ധരിച്ചയാൾ	തലപ്പാവ്|ശിരോവസ്ത്രം
👳‍♀️	woman wearing turban	turban|wearing|woman	തലപ്പാവ് ധരിച്ച വനിത	തലപ്പാവ്|ശിരോവസ്ത്രം|സ്ത്രീ
👲	person with skullcap	cap|Chinese|gua|guapi|hat|mao|person|pi|skullcap	ചൈനീസ് തൊപ്പി ധരിച്ചയാൾ	ആളുകൾ|ഗുവാ പി മാവോ|പുരുഷൻ|ഹാറ്റ്
🧕	woman with headscarf	bandana|head|headscarf|hijab|kerchief|mantilla|tichel|woman	ശിരോവസ്ത്രമണിഞ്ഞ സ്ത്രീ	ബുർഖ|ശിരോവസ്ത്രം|ഹിജാബ്
🤵	person in tuxedo	formal|person|tuxedo|wedding	സ്യൂട്ട് ധരിച്ചയാൾ	ടക്സിടോ ധരിച്ചയാൾ|വരൻ|വ്യക്തി|സ്യൂട്ട്
🤵‍♂️	man in tuxedo	formal|groom|man|tuxedo|wedding	സ്യൂട്ട് ധരിച്ച പുരുഷൻ	പുരുഷൻ|സ്യൂട്ട്
🤵‍♀️	woman in tuxedo	formal|tuxedo|wedding|woman	സ്യൂട്ട് ധരിച്ച സ്ത്രീ	സ്ത്രീ|സ്യൂട്ട്
👰	person with veil	person|veil|wedding	ശിരോവസ്ത്രം അണിഞ്ഞ വധു	വധു|വിവാഹം|വ്യക്തി|ശിരോവസ്ത്രം|ശിരോവസ്ത്രമണിഞ്ഞ വ്യക്തി
👰‍♂️	man with veil	man|veil|wedding	ശിരോവസ്ത്രമണിഞ്ഞ പുരുഷൻ	പുരുഷൻ|ശിരോവസ്ത്രം
👰‍♀️	woman with veil	bride|veil|wedding|woman	ശിരോവസ്ത്രമണിഞ്ഞ വനിത	ശിരോവസ്ത്രം|സ്ത്രീ
🤰	pregnant woman	pregnant|woman	ഗർഭിണി	സ്ത്രീ
🫃	pregnant man	belly|bloated|full|man|overeat|pregnant	ഗർഭിണിയായ പുരുഷൻ	അമിത ഭക്ഷണം|ഗർഭിണി|നിറഞ്ഞു|നിറവയർ|വയറ്|വീർത്തത്
🫄	pregnant person	belly|bloated|full|overeat|person|pregnant|stuffed	ഗർഭിണിയായ വ്യക്തി	ഗർഭിണി|നിറഞ്ഞു|നിറവയർ|വയറ്|വീർത്തത്
🤱	breast-feeding	baby|breast|feeding|mom|mother|nursing|woman	മുലയൂട്ടൽ	കുഞ്ഞ്|പരിചരണം|വാത്സല്യം
👩‍🍼	woman feeding baby	baby|feed|feeding|mom|mother|nanny|newborn|nursing|woman	കുട്ടിക്ക് ഊട്ടി കൊടുക്കുന്ന സ്ത്രീ	അമ്മ|ആയ|ഊട്ടി കൊടുക്കൽ|കുട്ടി|നഴ്സിംഗ്|സ്ത്രീ
👨‍🍼	man feeding baby	baby|dad|father|feed|feeding|man|nanny|newborn|nursing	കുട്ടിക്ക് ഊട്ടി കൊടുക്കുന്ന പുരുഷൻ	അച്ഛൻ|ഊട്ടി കൊടുക്കൽ|കുട്ടി|നഴ്സിംഗ്|നാനി|പുരുഷൻ|വ്യക്തി
🧑‍🍼	person feeding baby	baby|feed|feeding|nanny|newborn|nursing|parent	കുട്ടിക്ക് ഊട്ടി കൊടുക്കുന്ന വ്യക്തി	ആയ|കുട്ടി|നഴ്സിംഗ്|ഭക്ഷണം കൊടുക്കൽ|വ്യക്തി
👼	baby angel	angel|baby|church|face|fairy|fairytale|fantasy|tale	കുഞ്ഞുമാലാഖ	കുഞ്ഞ്|ഫാന്റസി|മാലാഖ|മുഖം|മുത്തശ്ശിക്കഥ
🎅	Santa Claus	celebration|Christmas|claus|fairy|fantasy|father|holiday|merry|santa|tale|xmas	സാന്താക്ലോസ്	അച്ചൻ|ആഘോഷം|ക്രിസ്തുമസ്|സാന്ത
🤶	Mrs. Claus	celebration|Christmas|claus|fairy|fantasy|holiday|merry|mother|Mrs|santa|tale|xmas	മദർ ക്രിസ്മസ്	അമ്മ|ക്രിസ്മസ്|മിസിസ് ക്ലോസ്
🧑‍🎄	Mx Claus	celebration|Christmas|claus|fairy|fantasy|holiday|merry|Mx|santa|tale|xmas	എംഎക്സ് സാൻറക്ലോസ്	ക്രിസ്തുമസ്|ക്രിസ്മസ്|തൊപ്പി|വ്യക്തി|സാന്ത|സാൻറക്ലോസ്|സാന്റാക്ലോസ്
🦸	superhero	good|hero|superpower	സൂപ്പർഹീറോ	അമാനുഷികശക്തി|നല്ലത്|നായകൻ|നായിക|ബാറ്റ്മാൻ|സൂപ്പർമാൻ
🦸‍♂️	man superhero	good|hero|man|superhero|superpower	മാൻ സൂപ്പർഹീറോ	അമാനുഷികശക്തി|നല്ലത്|നായകൻ|പുരുഷൻ
🦸‍♀️	woman superhero	good|hero|heroine|superhero|superpower|woman	വുമൺ സൂപ്പർഹീറോ	അമാനുഷികശക്തി|നല്ലത്|നായകൻ|നായിക|സ്ത്രീ
🦹	supervillain	bad|criminal|evil|superpower|villain	സൂപ്പർവില്ലൻ	അമാനുഷികശക്തി|ക്രിമിനൽ|ദുഷ്ടത|പ്രതിനായകൻ|ഭൂതം
🦹‍♂️	man supervillain	bad|criminal|evil|man|superpower|supervillain|villain	മാൻ സൂപ്പർവില്ലൻ	അമാനുഷികശക്തി|ക്രിമിനൽ|ദുഷ്ടത|പുരുഷൻ|വില്ലൻ
🦹‍♀️	woman supervillain	bad|criminal|evil|superpower|supervillain|villain|woman	വുമൺ സൂപ്പർവില്ലൻ	അമാനുഷികശക്തി|ക്രിമിനൽ|ദുഷ്ടത|വില്ലൻ|സ്ത്രീ
🧙	mage	fantasy|magic|play|sorcerer|sorceress|sorcery|spell|summon|witch|wizard	ജാലവിദ്യ അറിയുന്നയാൾ	ജാലവിദ്യ|മന്ത്രം|മന്ത്രവാദി|മാജിക്ക്|മാന്ത്രികൻ
🧙‍♂️	man mage	fantasy|mage|magic|man|play|sorcerer|sorceress|sorcery|spell|summon|witch|wizard	ജാലവിദ്യക്കാരൻ	മന്ത്രവാദി
🧙‍♀️	woman mage	fantasy|mage|magic|play|sorcerer|sorceress|sorcery|spell|summon|witch|wizard|woman	ജാലവിദ്യക്കാരി	മന്ത്രവാദിനി
🧚	fairy	fairytale|fantasy|myth|person|pixie|tale|wings	യക്ഷിഗന്ധർവ്വാദികൾ	ഐതിഹ്യം|കെട്ടുകഥ|ചിറകുകൾ|ഫാന്റസി|യക്ഷി|യക്ഷിക്കഥ|വ്യക്തി
🧚‍♂️	man fairy	fairy|fairytale|fantasy|man|myth|Oberon|person|pixie|Puck|tale|wings	ഗന്ധർവ്വൻ	ഒബ്റോൺ|പുക്ക്
🧚‍♀️	woman fairy	fairy|fairytale|fantasy|myth|person|pixie|tale|Titania|wings|woman	യക്ഷി	ടൈറ്റാനിയ
🧛	vampire	blood|Dracula|fangs|halloween|scary|supernatural|teeth|undead	രക്തരക്ഷസ്സ്	അമാനുഷികം|ഡ്രാക്കുള|പല്ല്|പേടിപ്പിക്കുന്നത്|മൃതിയില്ലാത്തത്|രക്തം|വാമ്പയർ|ഹലോവീൻ
🧛‍♂️	man vampire	blood|fangs|halloween|man|scary|supernatural|teeth|undead|vampire	ആൺ രക്തരക്ഷസ്സ്	അൺഡെഡ്|ഡ്രാക്കുള
🧛‍♀️	woman vampire	blood|fangs|halloween|scary|supernatural|teeth|undead|vampire|woman	പെൺ രക്തരക്ഷസ്സ്	അൺഡെഡ്
🧜	merperson	creature|fairytale|folklore|ocean|sea|siren|trident	മത്സ്യമനുഷ്യൻ	കടൽ ജീവി|നാടോടിക്കഥ|മത്സ്യകന്യക|മത്സ്യനരൻ|സമുദ്ര ജീവി
🧜‍♂️	merman	creature|fairytale|folklore|Neptune|ocean|Poseidon|sea|siren|trident|Triton	മത്സ്യനരൻ	ട്രിട്ടോൺ
🧜‍♀️	mermaid	creature|fairytale|folklore|merwoman|ocean|sea|siren|trident	മത്സ്യകന്യക	മത്സ്യസ്ത്രീ
🧝	elf	elves|enchantment|fantasy|folklore|magic|magical|myth	ദുർഭൂതം	ഐതിഹ്യം|കുട്ടിച്ചാത്തൻ|ചാത്തൻ|നാടോടിക്കഥ|ഭൂതം|മാന്ത്രികം
🧝‍♂️	man elf	elf|elves|enchantment|fantasy|folklore|magic|magical|man|myth	ആൺ ദുർഭൂതം	മാന്ത്രികം
🧝‍♀️	woman elf	elf|elves|enchantment|fantasy|folklore|magic|magical|myth|woman	പെൺ ദുർഭൂതം	മാന്ത്രികം
🧞	genie	djinn|fantasy|jinn|lamp|myth|rub|wishes	ജിന്ന്	അത്ഭുതവിളക്ക്|അറബിക്കഥ|കുടത്തിലെ ഭൂതം|ജീനി
🧞‍♂️	man genie	djinn|fantasy|genie|jinn|lamp|man|myth|rub|wishes	ആൺ ജിന്ന്	ജിന്ന്
🧞‍♀️	woman genie	djinn|fantasy|genie|jinn|lamp|myth|rub|wishes|woman	പെൺ ജിന്ന്	ജിന്ന്
🧟	zombie	apocalypse|dead|halloween|horror|scary|undead|walking	വേതാളം	അൺഡെഡ്|പിശാച്|ഭൂതം|വാക്കിംഗ് ഡെഡ്|സോമ്പി|ഹൊറർ
🧟‍♂️	man zombie	apocalypse|dead|halloween|horror|man|scary|undead|walking|zombie	ആൺ വേതാളം	അൺഡെഡ്|വാക്കിംഗ് ഡെഡ്
🧟‍♀️	woman zombie	apocalypse|dead|halloween|horror|scary|undead|walking|woman|zombie	പെൺ വേതാളം	അൺഡെഡ്|വാക്കിംഗ് ഡെഡ്
🧌	troll	fairy|fantasy|monster|tale|trolling	ട്രോൾ	കെട്ടുകഥ|ഭീകരജീവി|ഭൂതം|ഭ്രമകൽപ്പന|രാക്ഷസൻ
🫈	hairy creature	bigfoot|cryptid|forest|giant|hairy|sasquatch|woodwose|yeti	യതി	ക്രിപ്റ്റിഡ്|ബിഗ്ഫൂട്ട്|രാക്ഷസരൂപം|രോമാവൃതമായത്|വനം
💆	person getting massage	face|getting|headache|massage|person|relax|relaxing|salon|soothe|spa|tension|therapy|treatment	മുഖം മസ്സാജ് ചെയ്യുക	തലവേദന|തെറാപ്പി|ബ്യൂട്ടി പാർലർ|മസാജ്|മുഖം മസാജ് ചെയ്യുക|സലൂൺ|സ്പാ
💆‍♂️	man getting massage	face|getting|headache|man|massage|relax|relaxing|salon|soothe|spa|tension|therapy|treatment	മുഖം മസ്സാജുചെയ്യിക്കുന്നയാൾ	പുരുഷൻ|മസാജ്|മുഖം
💆‍♀️	woman getting massage	face|getting|headache|massage|relax|relaxing|salon|soothe|spa|tension|therapy|treatment|woman	മുഖം മസ്സാജുചെയ്യിക്കുന്ന സ്ത്രീ	മസാജ്|മുഖം|സ്ത്രീ
💇	person getting haircut	barber|beauty|chop|cosmetology|cut|groom|hair|haircut|parlor|person|shears|style	മുടിവെട്ടൽ	പാർലർ|ബാർബർ|ബ്യൂട്ടി പാർലർ|മുടി|മുടി വെട്ടിക്കുന്ന സ്ത്രീ|സൗന്ദര്യം
💇‍♂️	man getting haircut	barber|beauty|chop|cosmetology|cut|groom|hair|haircut|man|parlor|person|shears|style	മുടിവെട്ടിക്കുന്നയാൾ	പുരുഷൻ|ബാർബർഷോപ്പ്|മുടിവെട്ട്
💇‍♀️	woman getting haircut	barber|beauty|chop|cosmetology|cut|groom|hair|haircut|parlor|person|shears|style|woman	മുടിവെട്ടിക്കുന്ന സ്ത്രീ	ബാർബർഷോപ്പ്|മുടിവെട്ട്|സ്ത്രീ
🚶	person walking	amble|gait|hike|man|pace|pedestrian|person|stride|stroll|walk|walking	കാൽനടയാത്രക്കാരൻ	കാൽനടക്കാർ|കാൽനടയാത്ര|നടക്കൽ|നടക്കുക|നടക്കുന്നു|നടത്തം|വ്യായാമം
🚶‍♂️	man walking	amble|gait|hike|man|pace|pedestrian|stride|stroll|walk|walking	നടക്കുന്നയാൾ	കാൽനടയാത്ര|നടക്കുക|പുരുഷൻ
🚶‍♀️	woman walking	amble|gait|hike|man|pace|pedestrian|stride|stroll|walk|walking|woman	നടക്കുന്ന സ്ത്രീ	കാൽനടയാത്ര|നടക്കുക|സ്ത്രീ
🚶‍➡️	person walking: facing right	amble|facing|gait|hike|man|pace|pedestrian|person|right|stride|stroll|walk|walking	കാൽനടയാത്രക്കാരൻ: വലത്തോട്ട് തിരിഞ്ഞ്	കാൽനടക്കാർ|കാൽനടയാത്ര|കാൽനടയാത്രക്കാരൻ|തിരിഞ്ഞ്|നടക്കൽ|നടക്കുക|നടക്കുന്നു|നടത്തം|വലത്തോട്ട്|വ്യായാമം
🚶‍♀️‍➡️	woman walking: facing right	amble|facing|gait|hike|man|pace|pedestrian|right|stride|stroll|walk|walking|woman	നടക്കുന്ന സ്ത്രീ: വലത്തോട്ട് തിരിഞ്ഞ്	കാൽനടയാത്ര|തിരിഞ്ഞ്|നടക്കുക|നടക്കുന്ന സ്ത്രീ|വലത്തോട്ട്|സ്ത്രീ
🚶‍♂️‍➡️	man walking: facing right	amble|facing|gait|hike|man|pace|pedestrian|right|stride|stroll|walk|walking	നടക്കുന്നയാൾ: വലത്തോട്ട് തിരിഞ്ഞ്	കാൽനടയാത്ര|തിരിഞ്ഞ്|നടക്കുക|നടക്കുന്നയാൾ|പുരുഷൻ|വലത്തോട്ട്
🧍	person standing	person|stand|standing	നിൽക്കുന്ന വ്യക്തി	നിൽക്കുക|നിൽക്കുന്നു
🧍‍♂️	man standing	man|stand|standing	നിൽക്കുന്ന പുരുഷൻ	നിൽക്കുന്നു|പുരുഷൻ
🧍‍♀️	woman standing	stand|standing|woman	നിൽക്കുന്ന സ്ത്രീ	നിൽക്കുന്നു|സ്ത്രീ
🧎	person kneeling	kneel|kneeling|knees|person	മുട്ടുകുത്തിയിരിക്കുന്ന വ്യക്തി	മുട്ടുകുത്തുക|മുട്ടുകുത്തുന്നു
🧎‍♂️	man kneeling	kneel|kneeling|knees|man	മുട്ടുകുത്തുന്ന പുരുഷൻ	പുരുഷൻ|മുട്ടുകുത്തുന്നു
🧎‍♀️	woman kneeling	kneel|kneeling|knees|woman	മുട്ടുകുത്തുന്ന സ്ത്രീ	മുട്ടുകുത്തുന്നു|സ്ത്രീ
🧎‍➡️	person kneeling: facing right	facing|kneel|kneeling|knees|person|right	മുട്ടുകുത്തിയിരിക്കുന്ന വ്യക്തി: വലത്തോട്ട് തിരിഞ്ഞ്	തിരിഞ്ഞ്|മുട്ടുകുത്തിയിരിക്കുന്ന വ്യക്തി|മുട്ടുകുത്തുക|മുട്ടുകുത്തുന്നു|വലത്തോട്ട്
🧎‍♀️‍➡️	woman kneeling: facing right	facing|kneel|kneeling|knees|right|woman	മുട്ടുകുത്തുന്ന സ്ത്രീ: വലത്തോട്ട് തിരിഞ്ഞ്	തിരിഞ്ഞ്|മുട്ടുകുത്തുന്ന സ്ത്രീ|മുട്ടുകുത്തുന്നു|വലത്തോട്ട്|സ്ത്രീ
🧎‍♂️‍➡️	man kneeling: facing right	facing|kneel|kneeling|knees|man|right	മുട്ടുകുത്തുന്ന പുരുഷൻ: വലത്തോട്ട് തിരിഞ്ഞ്	തിരിഞ്ഞ്|പുരുഷൻ|മുട്ടുകുത്തുന്ന പുരുഷൻ|മുട്ടുകുത്തുന്നു|വലത്തോട്ട്
🧑‍🦯	person with white cane	accessibility|blind|cane|person|probing|white	വെളുത്ത വടിയേന്തിയ വ്യക്തി	അന്ധൻ|ആക്സസബിലിറ്റി
🧑‍🦯‍➡️	person with white cane: facing right	accessibility|blind|cane|facing|person|probing|right|white	വെളുത്ത വടിയേന്തിയ വ്യക്തി: വലത്തോട്ട് തിരിഞ്ഞ്	അന്ധൻ|ആക്സസബിലിറ്റി|തിരിഞ്ഞ്|വലത്തോട്ട്|വെളുത്ത വടിയേന്തിയ വ്യക്തി
👨‍🦯	man with white cane	accessibility|blind|cane|man|probing|white	പ്രോബിംഗ് വടി പിടിച്ചിരിക്കുന്ന പുരുഷൻ	അന്ധൻ|ആക്സസബിലിറ്റി|പുരുഷൻ
👨‍🦯‍➡️	man with white cane: facing right	accessibility|blind|cane|facing|man|probing|right|white	പ്രോബിംഗ് വടി പിടിച്ചിരിക്കുന്ന പുരുഷൻ: വലത്തോട്ട് തിരിഞ്ഞ്	അന്ധൻ|ആക്സസബിലിറ്റി|തിരിഞ്ഞ്|പുരുഷൻ|പ്രോബിംഗ് വടി പിടിച്ചിരിക്കുന്ന പുരുഷൻ|വലത്തോട്ട്
👩‍🦯	woman with white cane	accessibility|blind|cane|probing|white|woman	പ്രോബിംഗ് വടി പിടിച്ചിരിക്കുന്ന സ്ത്രീ	അന്ധൻ|ആക്സബിലിറ്റി|സ്ത്രീ
👩‍🦯‍➡️	woman with white cane: facing right	accessibility|blind|cane|facing|probing|right|white|woman	പ്രോബിംഗ് വടി പിടിച്ചിരിക്കുന്ന സ്ത്രീ: വലത്തോട്ട് തിരിഞ്ഞ്	അന്ധൻ|ആക്സബിലിറ്റി|തിരിഞ്ഞ്|പ്രോബിംഗ് വടി പിടിച്ചിരിക്കുന്ന സ്ത്രീ|വലത്തോട്ട്|സ്ത്രീ
🧑‍🦼	person in motorized wheelchair	accessibility|motorized|person|wheelchair	യാന്ത്രിക ചക്രക്കസേരയിലിരിക്കുന്ന വ്യക്തി	ആക്സസബിലിറ്റി|ചക്രക്കസേര
🧑‍🦼‍➡️	person in motorized wheelchair: facing right	accessibility|facing|motorized|person|right|wheelchair	യാന്ത്രിക ചക്രക്കസേരയിലിരിക്കുന്ന വ്യക്തി: വലത്തോട്ട് തിരിഞ്ഞ്	ആക്സസബിലിറ്റി|ചക്രക്കസേര|തിരിഞ്ഞ്|യാന്ത്രിക ചക്രക്കസേരയിലിരിക്കുന്ന വ്യക്തി|വലത്തോട്ട്
👨‍🦼	man in motorized wheelchair	accessibility|man|motorized|wheelchair	മോട്ടോറൈസ്ഡ് വീൽചെയറിൽ ഇരിക്കുന്ന പുരുഷൻ	ആക്സസബിലിറ്റി|പുരുഷൻ|വീൽചെയർ
👨‍🦼‍➡️	man in motorized wheelchair: facing right	accessibility|facing|man|motorized|right|wheelchair	മോട്ടോറൈസ്ഡ് വീൽചെയറിൽ ഇരിക്കുന്ന പുരുഷൻ: വലത്തോട്ട് തിരിഞ്ഞ്	ആക്സസബിലിറ്റി|തിരിഞ്ഞ്|പുരുഷൻ|മോട്ടോറൈസ്ഡ് വീൽചെയറിൽ ഇരിക്കുന്ന പുരുഷൻ|വലത്തോട്ട്|വീൽചെയർ
👩‍🦼	woman in motorized wheelchair	accessibility|motorized|wheelchair|woman	മോട്ടോറൈസ്ഡ് വീൽചെയറിൽ ഇരിക്കുന്ന സ്ത്രീ	ആക്സസബിലിറ്റി|വീൽചെയർ|സ്ത്രീ
👩‍🦼‍➡️	woman in motorized wheelchair: facing right	accessibility|facing|motorized|right|wheelchair|woman	മോട്ടോറൈസ്ഡ് വീൽചെയറിൽ ഇരിക്കുന്ന സ്ത്രീ: വലത്തോട്ട് തിരിഞ്ഞ്	ആക്സസബിലിറ്റി|തിരിഞ്ഞ്|മോട്ടോറൈസ്ഡ് വീൽചെയറിൽ ഇരിക്കുന്ന സ്ത്രീ|വലത്തോട്ട്|വീൽചെയർ|സ്ത്രീ
🧑‍🦽	person in manual wheelchair	accessibility|manual|person|wheelchair	സാധാരണ ചക്രക്കസേരയിലിരിക്കുന്ന വ്യക്തി	ആക്സസബിലിറ്റി|ചക്രക്കസേര
🧑‍🦽‍➡️	person in manual wheelchair: facing right	accessibility|facing|manual|person|right|wheelchair	സാധാരണ ചക്രക്കസേരയിലിരിക്കുന്ന വ്യക്തി: വലത്തോട്ട് തിരിഞ്ഞ്	ആക്സസബിലിറ്റി|ചക്രക്കസേര|തിരിഞ്ഞ്|വലത്തോട്ട്|സാധാരണ ചക്രക്കസേരയിലിരിക്കുന്ന വ്യക്തി
👨‍🦽	man in manual wheelchair	accessibility|man|manual|wheelchair	മാന്വൽ വീൽചെയറിൽ ഇരിക്കുന്ന പുരുഷൻ	ആക്സസബിലിറ്റി|പുരുഷൻ|വീൽചെയർ
👨‍🦽‍➡️	man in manual wheelchair: facing right	accessibility|facing|man|manual|right|wheelchair	മാന്വൽ വീൽചെയറിൽ ഇരിക്കുന്ന പുരുഷൻ: വലത്തോട്ട് തിരിഞ്ഞ്	ആക്സസബിലിറ്റി|തിരിഞ്ഞ്|പുരുഷൻ|മാന്വൽ വീൽചെയറിൽ ഇരിക്കുന്ന പുരുഷൻ|വലത്തോട്ട്|വീൽചെയർ
👩‍🦽	woman in manual wheelchair	accessibility|manual|wheelchair|woman	മാന്വൽ വീൽചെയറിൽ ഇരിക്കുന്ന സ്ത്രീ	ആക്സസബിലിറ്റി|വീൽചെയർ|സ്ത്രീ
👩‍🦽‍➡️	woman in manual wheelchair: facing right	accessibility|facing|manual|right|wheelchair|woman	മാന്വൽ വീൽചെയറിൽ ഇരിക്കുന്ന സ്ത്രീ: വലത്തോട്ട് തിരിഞ്ഞ്	ആക്സസബിലിറ്റി|തിരിഞ്ഞ്|മാന്വൽ വീൽചെയറിൽ ഇരിക്കുന്ന സ്ത്രീ|വലത്തോട്ട്|വീൽചെയർ|സ്ത്രീ
🏃	person running	fast|hurry|marathon|move|person|quick|race|racing|run|rush|speed	റണ്ണർ	ഓടുന്ന പുരുഷൻ|ഓടുന്നു|ഓട്ടം|ഓട്ടമത്സരം|മാരത്തോൺ|വേഗത|സ്പോർട്സ്
🏃‍♂️	man running	fast|hurry|man|marathon|move|quick|race|racing|run|rush|speed	ഓടുന്നയാൾ	ഓട്ടം|മാരത്തോൺ|സ്പോർട്സ്
🏃‍♀️	woman running	fast|hurry|marathon|move|quick|race|racing|run|rush|speed|woman	ഓടുന്ന സ്ത്രീ	ഓട്ടം|മാരത്തോൺ|സ്ത്രീ|സ്പോർട്സ്
🏃‍➡️	person running: facing right	facing|fast|hurry|marathon|move|person|quick|race|racing|right|run|rush|speed	റണ്ണർ: വലത്തോട്ട് തിരിഞ്ഞ്	ഓടുന്ന പുരുഷൻ|ഓടുന്നു|ഓട്ടം|ഓട്ടമത്സരം|തിരിഞ്ഞ്|മാരത്തോൺ|വലത്തോട്ട്|വേഗത|സ്പോർട്സ്|റണ്ണർ
🏃‍♀️‍➡️	woman running: facing right	facing|fast|hurry|marathon|move|quick|race|racing|right|run|rush|speed|woman	ഓടുന്ന സ്ത്രീ: വലത്തോട്ട് തിരിഞ്ഞ്	ഓടുന്ന സ്ത്രീ|ഓട്ടം|തിരിഞ്ഞ്|മാരത്തോൺ|വലത്തോട്ട്|സ്ത്രീ|സ്പോർട്സ്
🏃‍♂️‍➡️	man running: facing right	facing|fast|hurry|man|marathon|move|quick|race|racing|right|run|rush|speed	ഓടുന്നയാൾ: വലത്തോട്ട് തിരിഞ്ഞ്	ഓടുന്നയാൾ|ഓട്ടം|തിരിഞ്ഞ്|മാരത്തോൺ|വലത്തോട്ട്|സ്പോർട്സ്
🧑‍🩰	ballet dancer	ballet|dancer	ബാലെ നർത്തകി	നർത്തകി|ബാലെ
💃	woman dancing	dance|dancer|dancing|elegant|festive|flair|flamenco|groove|let’s|salsa|tango|woman	നർത്തകി	ആളുകൾ|ഡാൻസ്|നർത്തകൻ|നൃത്തം
🕺	man dancing	dance|dancer|dancing|elegant|festive|flair|flamenco|groove|let’s|man|salsa|tango	നർത്തകൻ	നൃത്തം|പുരുഷൻ
🕴️	person in suit levitating	business|levitating|person|suit	പറക്കുന്ന പ്രൊഫഷണൽ	പുരുഷൻ|പ്രൊഫഷണൽ|ബിസിനസ് സ്യൂട്ടിൽ പൊങ്ങിപ്പറക്കുന്നയാൾ|ബിസിനസ്സ്|സ്യൂട്ട്
👯	people with bunny ears	bestie|bff|bunny|counterpart|dancer|double|ear|identical|pair|party|partying|people|soulmate|twin|twinsies	പാർട്ടി ആഘോഷിക്കുന്ന സ്ത്രീകൾ	ചെവി|ജോടി|ട്വിൻസ്|ഡബിൾ|ഡാൻസർ|ഡാൻസ്|നർത്തകി|നൃത്തം|പാർട്ടി
👯‍♂️	men with bunny ears	bestie|bff|bunny|counterpart|dancer|double|ear|identical|men|pair|party|partying|people|soulmate|twin|twinsies	പാർട്ടിയാഘോഷിക്കുന്ന പുരുഷന്മാർ	ആഹ്ലാദം|പാർട്ടി|പുരുഷന്മാർ
👯‍♀️	women with bunny ears	bestie|bff|bunny|counterpart|dancer|double|ear|identical|pair|party|partying|people|soulmate|twin|twinsies|women	പാർട്ടിയാഘോഷിക്കുന്ന സ്ത്രീകൾ	ആഹ്ലാദം|പാർട്ടി|സ്ത്രീകൾ
🧖	person in steamy room	day|luxurious|pamper|person|relax|room|sauna|spa|steam|steambath|unwind	ബാഷ്പസ്നാനം ചെയ്യുന്ന വ്യക്തി	ആവി മുറി|ചുടുനീരുറവ|ബാഷ്പസ്നാനം|സ്പാ|സ്റ്റീം റൂം
🧖‍♂️	man in steamy room	day|luxurious|man|pamper|relax|room|sauna|spa|steam|steambath|unwind	ബാഷ്പസ്നാനം ചെയ്യുന്ന പുരുഷൻ	ആവി മുറി|ബാഷ്പസ്നാനം|സ്റ്റീം റൂം
🧖‍♀️	woman in steamy room	day|luxurious|pamper|relax|room|sauna|spa|steam|steambath|unwind|woman	ബാഷ്പസ്നാനം ചെയ്യുന്ന സ്ത്രീ	ആവി മുറി|ബാഷ്പസ്നാനം|സ്റ്റീം റൂം
🧗	person climbing	climb|climber|climbing|mountain|person|rock|scale|up	മലകയറുന്ന വ്യക്തി	ക്ലൈംബർ|മലകയറുന്നയാൾ|മലകയറ്റം
🧗‍♂️	man climbing	climb|climber|climbing|man|mountain|rock|scale|up	മലകയറുന്ന പുരുഷൻ	ക്ലിംബർ|മലകയറൽ
🧗‍♀️	woman climbing	climb|climber|climbing|mountain|rock|scale|up|woman	മലകയറുന്ന സ്ത്രീ	ക്ലിംബർ|മലകയറൽ
🤺	person fencing	fencer|fencing|person|sword	വാൾപയറ്റുകാരൻ	വാൾ|വാൾപയറ്റ്
🏇	horse racing	horse|jockey|racehorse|racing|riding|sport	കുതിരപ്പന്തയം	കുതിര|പന്തയം|സ്പോർട്സ്
⛷️	skier	ski|snow	സ്കീയർ	മഞ്ഞ്|സ്കീ
🏂	snowboarder	ski|snow|snowboard|sport	സ്നോബോർഡർ	സ്നോബോർഡ്|സ്പോർട്സ്
🏌️	person golfing	ball|birdie|caddy|driving|golf|golfing|green|person|pga|putt|range|tee	ഗോൾഫർ	കായികം|ഗോൾഫ്|ഗോൾഫ് സ്റ്റിക്ക്|ബോൾ|സ്പോർട്സ്
🏌️‍♂️	man golfing	ball|birdie|caddy|driving|golf|golfing|green|man|pga|putt|range|tee	ഗോൾഫുകളിക്കുന്നയാൾ	ഗോൾഫ്|പുരുഷൻ
🏌️‍♀️	woman golfing	ball|birdie|caddy|driving|golf|golfing|green|pga|putt|range|tee|woman	ഗോൾഫുകളിക്കുന്ന സ്ത്രീ	ഗോൾഫ്|സ്ത്രീ
🏄	person surfing	beach|ocean|person|sport|surf|surfer|surfing|swell|waves	സർഫർ	കടൽ|തിരമാല|ബീച്ച്|സമുദ്രം|സർഫിംഗ്|സർഫിംഗ് ചെയ്യുന്ന പുരുഷൻ|സ്പോർട്സ്
🏄‍♂️	man surfing	beach|man|ocean|sport|surf|surfer|surfing|swell|waves	സർഫുചെയ്യുന്നയാൾ	പുരുഷൻ|സർഫിംഗ്
🏄‍♀️	woman surfing	beach|ocean|person|sport|surf|surfer|surfing|swell|waves	സർഫുചെയ്യുന്ന സ്ത്രീ	സർഫിംഗ്|സർഫിംഗ് ചെയ്യുന്ന സ്ത്രീ|സ്ത്രീ
🚣	person rowing boat	boat|canoe|cruise|fishing|lake|oar|paddle|person|raft|river|row|rowboat|rowing	വഞ്ചി	കായികം|ബോട്ട്|മീൻ പിടുത്തം|വഞ്ചി തുഴയുന്നയാൾ|വാഹനം|സ്പോർട്സ്
🚣‍♂️	man rowing boat	boat|canoe|cruise|fishing|lake|man|oar|paddle|raft|river|row|rowboat|rowing	വഞ്ചി തുഴയുന്നയാൾ	തുഴയൽ|പുരുഷൻ|വഞ്ചി
🚣‍♀️	woman rowing boat	boat|canoe|cruise|fishing|lake|oar|paddle|raft|river|row|rowboat|rowing|woman	വഞ്ചി തുഴയുന്ന സ്ത്രീ	തുഴയൽ|വഞ്ചി|സ്ത്രീ
🏊	person swimming	freestyle|person|sport|swim|swimmer|swimming|triathlon	നീന്തൽത്താരം	കായികം|നീന്തൽ|നീന്തൽ താരം|നീന്തുക|ഫ്രീസ്റ്റൈൽ|സ്പോർട്സ്|സ്വിമ്മിംഗ്
🏊‍♂️	man swimming	freestyle|man|sport|swim|swimmer|swimming|triathlon	നീന്തൽക്കാരൻ	നീന്തൽ|പുരുഷൻ
🏊‍♀️	woman swimming	freestyle|man|sport|swim|swimmer|swimming|triathlon	നീന്തൽക്കാരി	നീന്തൽ|സ്ത്രീ
⛹️	person bouncing ball	athletic|ball|basketball|bouncing|championship|dribble|net|person|player|throw	പന്തുകളിക്കുന്നയാൾ	കളിക്കാരൻ|കായികം|കായികതാരം|പ്ലെയർ|ബാസ്കറ്റ് ബോൾ|ബോൾ|വ്യക്തി|സ്പോർട്സ്
⛹️‍♂️	man bouncing ball	athletic|ball|basketball|bouncing|championship|dribble|man|net|player|throw	പന്തുകളിക്കാരൻ	പന്ത്|പുരുഷൻ
⛹️‍♀️	woman bouncing ball	athletic|ball|basketball|bouncing|championship|dribble|net|player|throw|woman	പന്തുകളിക്കാരി	പന്ത്|ബാസ്കറ്റ്ബാൾ കളിക്കുന്ന പെൺകുട്ടി|സ്ത്രീ
🏋️	person lifting weights	barbell|bodybuilder|deadlift|lifter|lifting|person|powerlifting|weight|weightlifter|weights|workout	വെയിറ്റ് ലിഫ്റ്റർ	ജിം|ജിംനേഷ്യം|പവർ ലിഫ്റ്റിംഗ്|ബോഡി ബിൽഡർ|ഭാരോദ്വഹനം|വർക്കൗട്ട്|വെയിറ്റ്
🏋️‍♂️	man lifting weights	barbell|bodybuilder|deadlift|lifter|lifting|man|powerlifting|weight|weightlifter|weights|workout	ഭാരോദ്വഹനം നടത്തുന്നയാൾ	പുരുഷൻ|ഭാരോദ്വഹനം
🏋️‍♀️	woman lifting weights	barbell|bodybuilder|deadlift|lifter|lifting|powerlifting|weight|weightlifter|weights|woman|workout	ഭാരോദ്വഹനം നടത്തുന്ന സ്ത്രീ	ഭാരോദ്വഹനം|സ്ത്രീ
🚴	person biking	bicycle|bicyclist|bike|biking|cycle|cyclist|person|riding|sport	സൈക്ലിസ്റ്റ്	ബൈക്കിങ്ങ്|ബൈസൈക്കിൾ|വ്യായാമം|സൈക്കിളോടിക്കുന്ന വ്യക്തി|സൈക്കിൾ|സൈക്കിൾ ഓടിക്കൽ|സൈക്കിൾ ഓടിക്കുന്ന കുട്ടി|സ്പോർട്സ്
🚴‍♂️	man biking	bicycle|bicyclist|bike|biking|cycle|cyclist|man|riding|sport	സൈക്കിളോടിക്കുന്നയാൾ	പുരുഷൻ|സൈക്കിൾ
🚴‍♀️	woman biking	bicycle|bicyclist|bike|biking|cycle|cyclist|riding|sport|woman	സൈക്കിളോടിക്കുന്ന സ്ത്രീ	സൈക്കിൾ|സ്ത്രീ
🚵	person mountain biking	bicycle|bicyclist|bike|biking|cycle|cyclist|mountain|person|riding|sport	മൗണ്ടെയ്ൻ ബൈക്കർ	കായികം|ബൈക്ക്|ബൈക്ക് സഞ്ചാരി|ബൈസൈക്കിൾ|മൗണ്ടെയിൻ സൈക്ലിസ്റ്റ്|സൈക്കിൾ|സൈക്കിൾ ഓടിക്കൽ|സൈക്ലിസ്റ്റ്|സ്പോർട്സ്
🚵‍♂️	man mountain biking	bicycle|bicyclist|bike|biking|cycle|cyclist|man|mountain|riding|sport	സൈക്കിളിൽ മലകയറുന്നയാൾ	പുരുഷൻ|മലകയറ്റം|സൈക്കിൾ
🚵‍♀️	woman mountain biking	bicycle|bicyclist|bike|biking|cycle|cyclist|mountain|riding|sport|woman	സൈക്കിളിൽ മലകയറുന്ന സ്ത്രീ	മലകയറ്റം|മൗണ്ടൻ ബൈക്കിംഗ് ചെയ്യുന്ന സ്ത്രീ|സൈക്കിൾ|സ്ത്രീ
🤸	person cartwheeling	active|cartwheel|cartwheeling|excited|flip|gymnastics|happy|person|somersault	കൈകുത്തി മറിയൽ	കായികം|കുട്ടിക്കരണം|ജിംനാസ്റ്റിക്സ്|മലക്കം മറിയൽ|വ്യായാമം|സ്പോർട്സ്
🤸‍♂️	man cartwheeling	active|cartwheel|cartwheeling|excited|flip|gymnastics|happy|man|somersault	കൈകുത്തിമറിയുന്നയാൾ	അഭ്യാസി|കുട്ടിക്കരണം|ജിംനാസ്റ്റിക്സ്|പുരുഷൻ|മലക്കം മറിയൽ|വ്യായാമം
🤸‍♀️	woman cartwheeling	active|cartwheel|cartwheeling|excited|flip|gymnastics|happy|somersault|woman	കൈകുത്തിമറിയുന്ന സ്ത്രീ	അഭ്യാസി|കുട്ടിക്കരണം|ജിംനാസ്റ്റിക്സ്|മലക്കം മറിയൽ|വ്യായാമം|സ്ത്രീ
🤼	people wrestling	combat|duel|grapple|people|ring|tournament|wrestle|wrestling	ഗുസ്തിക്കാർ	കായികം|ഗുസ്തി|പോരാട്ടം|സ്പോർട്സ്|റെസലിംഗ്
🤼‍♂️	men wrestling	combat|duel|grapple|men|ring|tournament|wrestle|wrestling	പുരുഷ ഗുസ്തിക്കാർ	കായികം|ഗുസ്തി|പുരുഷന്മാർ|പോരാട്ടം|സ്പോർട്സ്|റെസലിംഗ്
🤼‍♀️	women wrestling	combat|duel|grapple|ring|tournament|women|wrestle|wrestling	വനിതാ ഗുസ്തിക്കാർ	കായികം|ഗുസ്തി|പോരാട്ടം|വനിതാ ഗുസ്തി|സ്ത്രീകൾ|സ്പോർട്സ്|റെസലിംഗ്
🤽	person playing water polo	person|playing|polo|sport|swimming|water|waterpolo	വാട്ടർ പോളോ	കായികം|പോളോ|വാട്ടർ|വാട്ടർപോളോ|സ്പോർട്സ്
🤽‍♂️	man playing water polo	man|playing|polo|sport|swimming|water|waterpolo	വാട്ടർ പോളോ കളിക്കുന്നയാൾ	കായികം|നീന്തൽ|പുരുഷൻ|വാട്ടർ പോളോ|വാട്ടർ സ്പോർട്സ്|സ്പോർട്സ്
🤽‍♀️	woman playing water polo	playing|polo|sport|swimming|water|waterpolo|woman	വാട്ടർ പോളോ കളിക്കുന്ന സ്ത്രീ	കായികം|നീന്തൽ|വാട്ടർ പോളോ|വാട്ടർ സ്പോർട്സ്|സ്ത്രീ|സ്പോർട്സ്|ഹാൻഡ് ബോൾ|ഹാൻഡ്ബോൾ
🤾	person playing handball	athletics|ball|catch|chuck|handball|hurl|lob|person|pitch|playing|sport|throw|toss	ഹാൻഡ്ബോൾ	അത്ലറ്റിക്സ്|കായികം|ത്രോ|ബോൾ|സ്പോർട്സ്
🤾‍♂️	man playing handball	athletics|ball|catch|chuck|handball|hurl|lob|man|pitch|playing|sport|throw|toss	ഹാൻഡ്ബോൾ കളിക്കുന്നയാൾ	പുരുഷൻ|ഹാൻഡ്ബോൾ
🤾‍♀️	woman playing handball	athletics|ball|catch|chuck|handball|hurl|lob|pitch|playing|sport|throw|toss|woman	ഹാൻഡ്ബോൾ കളിക്കുന്ന സ്ത്രീ	കായികം|കായികതാരം|പ്ലെയർ|സ്ത്രീ|സ്പോർട്സ്|ഹാൻഡ്ബോൾ
🤹	person juggling	act|balance|balancing|handle|juggle|juggling|manage|multitask|person|skill	അമ്മാനമാടൽ	അഭ്യാസം|അമ്മാനം|ചെപ്പും പന്തും|ജഗിൾ|ജഗ്ലിംഗ്|ബാലൻസ്|മൾട്ടിടാസ്ക്
🤹‍♂️	man juggling	act|balance|balancing|handle|juggle|juggling|man|manage|multitask|skill	അമ്മാനമാട്ടക്കാരൻ	അഭ്യാസം|അമ്മാനമാട്ടം|ചെപ്പടിവിദ്യക്കാരൻ|ചെപ്പും പന്തും|ജഗിൾ|പുരുഷൻ
🤹‍♀️	woman juggling	act|balance|balancing|handle|juggle|juggling|manage|multitask|skill|woman	അമ്മാനമാട്ടക്കാരി	അഭ്യാസം|അമ്മാനമാട്ടം|ചെപ്പടിവിദ്യക്കാരി|സ്ത്രീ
🧘	person in lotus position	cross|legged|legs|lotus|meditation|peace|person|position|relax|serenity|yoga|yogi|zen	പത്മാസനത്തിലുള്ള വ്യക്തി	ധ്യാനം|പത്മാസനം|യോഗ|യോഗി|സമാധാനം|സെൻ
🧘‍♂️	man in lotus position	cross|legged|legs|lotus|man|meditation|peace|position|relax|serenity|yoga|yogi|zen	പത്മാസനത്തിലുള്ള പുരുഷൻ	ധ്യാനം|യോഗ
🧘‍♀️	woman in lotus position	cross|legged|legs|lotus|meditation|peace|position|relax|serenity|woman|yoga|yogi|zen	പത്മാസനത്തിലുള്ള സ്ത്രീ	ധ്യാനം|യോഗ
🛀	person taking bath	bath|bathtub|person|taking|tub	കുളിക്കുന്നയാൾ	കുളി|ബാത്ത്ടബ്
🛌	person in bed	bed|bedtime|good|goodnight|hotel|nap|night|person|sleep|tired|zzz	കട്ടിലിൽ കിടക്കുന്നയാൾ	ഉറക്കം|കിടക്ക|ഹോട്ടൽ
🧑‍🤝‍🧑	people holding hands	bae|bestie|bff|couple|dating|flirt|friends|hand|hold|people|twins	ആളുകൾ കൈകോർത്ത് പിടിച്ചിരിക്കുന്നു	കപ്പിൾ|കൈ|കൈകോർക്കൽ|പിടിക്കുക|വ്യക്തി
👭	women holding hands	bae|bestie|bff|couple|dating|flirt|friends|girls|hand|hold|sisters|twins|women	കൈകോർത്ത് നിൽക്കുന്ന രണ്ട് സ്ത്രീകൾ	ആളുകൾ|ജോടി|പിടിക്കുക|രണ്ട് സ്ത്രീകൾ കൈകോർത്ത്
👫	woman and man holding hands	bae|bestie|bff|couple|dating|flirt|friends|hand|hold|man|twins|woman	കൈകോർത്ത് നിൽക്കുന്ന ജോടി	ഉറ്റ സുഹൃത്ത്|ഡേറ്റിംഗ്|ദമ്പതികൾ|ബെസ്റ്റി
👬	men holding hands	bae|bestie|bff|boys|brothers|couple|dating|flirt|friends|hand|hold|men|twins	കൈകോർത്ത് നിൽക്കുന്ന രണ്ട് പുരുഷന്മാർ	ഇരട്ടകൾ|ജെമിനി|പിടിക്കുക|രാശിചക്രം
💏	kiss	anniversary|babe|bae|couple|date|dating|heart|love|mwah|person|romance|together|xoxo	ചുംബനം	ഉമ്മ|പ്രണയം|പ്രണയ ജോടി|റൊമാൻസ്
👩‍❤️‍💋‍👨	kiss: woman, man	anniversary|babe|bae|couple|date|dating|heart|kiss|love|man|mwah|person|romance|together|woman|xoxo	ചുംബനം: സ്ത്രീ, പുരുഷൻ	ഉമ്മ|ചുംബനം|പുരുഷൻ|പ്രണയം|പ്രണയ ജോടി|സ്ത്രീ|റൊമാൻസ്
👨‍❤️‍💋‍👨	kiss: man, man	anniversary|babe|bae|couple|date|dating|heart|kiss|love|man|mwah|person|romance|together|xoxo	ചുംബനം: പുരുഷൻ, പുരുഷൻ	ഉമ്മ|ചുംബനം|പുരുഷൻ|പ്രണയം|പ്രണയ ജോടി|റൊമാൻസ്
👩‍❤️‍💋‍👩	kiss: woman, woman	anniversary|babe|bae|couple|date|dating|heart|kiss|love|mwah|person|romance|together|woman|xoxo	ചുംബനം: സ്ത്രീ, സ്ത്രീ	ഉമ്മ|ചുംബനം|പ്രണയം|പ്രണയ ജോടി|സ്ത്രീ|റൊമാൻസ്
💑	couple with heart	anniversary|babe|bae|couple|dating|heart|kiss|love|person|relationship|romance|together|you	പ്രണയ ജോടി	ആളുകൾ|പ്രണയം|സ്നേഹം|ഹൃദയം|ഹൃദയചിഹ്നം|റൊമാൻസ്
👩‍❤️‍👨	couple with heart: woman, man	anniversary|babe|bae|couple|dating|heart|kiss|love|man|person|relationship|romance|together|woman|you	പ്രണയ ജോടി: സ്ത്രീ, പുരുഷൻ	ആളുകൾ|പുരുഷൻ|പ്രണയം|പ്രണയ ജോടി|സ്ത്രീ|സ്നേഹം|ഹൃദയം|ഹൃദയചിഹ്നം|റൊമാൻസ്
👨‍❤️‍👨	couple with heart: man, man	anniversary|babe|bae|couple|dating|heart|kiss|love|man|person|relationship|romance|together|you	പ്രണയ ജോടി: പുരുഷൻ, പുരുഷൻ	ആളുകൾ|പുരുഷൻ|പ്രണയം|പ്രണയ ജോടി|സ്നേഹം|ഹൃദയം|ഹൃദയചിഹ്നം|റൊമാൻസ്
👩‍❤️‍👩	couple with heart: woman, woman	anniversary|babe|bae|couple|dating|heart|kiss|love|person|relationship|romance|together|woman|you	പ്രണയ ജോടി: സ്ത്രീ, സ്ത്രീ	ആളുകൾ|പ്രണയം|പ്രണയ ജോടി|സ്ത്രീ|സ്നേഹം|ഹൃദയം|ഹൃദയചിഹ്നം|റൊമാൻസ്
👨‍👩‍👦	family: man, woman, boy	boy|child|family|man|woman	കുടുംബം: പുരുഷൻ, സ്ത്രീ, ആൺകുട്ടി	അച്ഛൻ|അമ്മ|ആൺകുട്ടി|ആളുകൾ|കുടുംബം|കുട്ടി|പുരുഷനും സ്ത്രീയും കുഞ്ഞും അടങ്ങുന്ന കുടുംബം|പുരുഷൻ|ഫാമിലി|സ്ത്രീ
👨‍👩‍👧	family: man, woman, girl	child|family|girl|man|woman	കുടുംബം: പുരുഷൻ, സ്ത്രീ, പെൺകുട്ടി	അച്ഛൻ|അമ്മ|ആളുകൾ|കുടുംബം|കുട്ടി|പുരുഷനും സ്ത്രീയും കുഞ്ഞും അടങ്ങുന്ന കുടുംബം|പുരുഷൻ|പെൺകുട്ടി|ഫാമിലി|സ്ത്രീ
👨‍👩‍👧‍👦	family: man, woman, girl, boy	boy|child|family|girl|man|woman	കുടുംബം: പുരുഷൻ, സ്ത്രീ, പെൺകുട്ടി, ആൺകുട്ടി	അച്ഛൻ|അമ്മ|ആൺകുട്ടി|ആളുകൾ|കുടുംബം|കുട്ടി|പുരുഷനും സ്ത്രീയും കുഞ്ഞും അടങ്ങുന്ന കുടുംബം|പുരുഷൻ|പെൺകുട്ടി|ഫാമിലി|സ്ത്രീ
👨‍👩‍👦‍👦	family: man, woman, boy, boy	boy|child|family|man|woman	കുടുംബം: പുരുഷൻ, സ്ത്രീ, ആൺകുട്ടി, ആൺകുട്ടി	അച്ഛൻ|അമ്മ|ആൺകുട്ടി|ആളുകൾ|കുടുംബം|കുട്ടി|പുരുഷനും സ്ത്രീയും കുഞ്ഞും അടങ്ങുന്ന കുടുംബം|പുരുഷൻ|ഫാമിലി|സ്ത്രീ
👨‍👩‍👧‍👧	family: man, woman, girl, girl	child|family|girl|man|woman	കുടുംബം: പുരുഷൻ, സ്ത്രീ, പെൺകുട്ടി, പെൺകുട്ടി	അച്ഛൻ|അമ്മ|ആളുകൾ|കുടുംബം|കുട്ടി|പുരുഷനും സ്ത്രീയും കുഞ്ഞും അടങ്ങുന്ന കുടുംബം|പുരുഷൻ|പെൺകുട്ടി|ഫാമിലി|സ്ത്രീ
👨‍👨‍👦	family: man, man, boy	boy|child|family|man	കുടുംബം: പുരുഷൻ, പുരുഷൻ, ആൺകുട്ടി	അച്ഛൻ|അമ്മ|ആൺകുട്ടി|ആളുകൾ|കുടുംബം|കുട്ടി|പുരുഷനും സ്ത്രീയും കുഞ്ഞും അടങ്ങുന്ന കുടുംബം|പുരുഷൻ|ഫാമിലി
👨‍👨‍👧	family: man, man, girl	child|family|girl|man	കുടുംബം: പുരുഷൻ, പുരുഷൻ, പെൺകുട്ടി	അച്ഛൻ|അമ്മ|ആളുകൾ|കുടുംബം|കുട്ടി|പുരുഷനും സ്ത്രീയും കുഞ്ഞും അടങ്ങുന്ന കുടുംബം|പുരുഷൻ|പെൺകുട്ടി|ഫാമിലി
👨‍👨‍👧‍👦	family: man, man, girl, boy	boy|child|family|girl|man	കുടുംബം: പുരുഷൻ, പുരുഷൻ, പെൺകുട്ടി, ആൺകുട്ടി	അച്ഛൻ|അമ്മ|ആൺകുട്ടി|ആളുകൾ|കുടുംബം|കുട്ടി|പുരുഷനും സ്ത്രീയും കുഞ്ഞും അടങ്ങുന്ന കുടുംബം|പുരുഷൻ|പെൺകുട്ടി|ഫാമിലി
👨‍👨‍👦‍👦	family: man, man, boy, boy	boy|child|family|man	കുടുംബം: പുരുഷൻ, പുരുഷൻ, ആൺകുട്ടി, ആൺകുട്ടി	അച്ഛൻ|അമ്മ|ആൺകുട്ടി|ആളുകൾ|കുടുംബം|കുട്ടി|പുരുഷനും സ്ത്രീയും കുഞ്ഞും അടങ്ങുന്ന കുടുംബം|പുരുഷൻ|ഫാമിലി
👨‍👨‍👧‍👧	family: man, man, girl, girl	child|family|girl|man	കുടുംബം: പുരുഷൻ, പുരുഷൻ, പെൺകുട്ടി, പെൺകുട്ടി	അച്ഛൻ|അമ്മ|ആളുകൾ|കുടുംബം|കുട്ടി|പുരുഷനും സ്ത്രീയും കുഞ്ഞും അടങ്ങുന്ന കുടുംബം|പുരുഷൻ|പെൺകുട്ടി|ഫാമിലി
👩‍👩‍👦	family: woman, woman, boy	boy|child|family|woman	കുടുംബം: സ്ത്രീ, സ്ത്രീ, ആൺകുട്ടി	അച്ഛൻ|അമ്മ|ആൺകുട്ടി|ആളുകൾ|കുടുംബം|കുട്ടി|പുരുഷനും സ്ത്രീയും കുഞ്ഞും അടങ്ങുന്ന കുടുംബം|ഫാമിലി|സ്ത്രീ
👩‍👩‍👧	family: woman, woman, girl	child|family|girl|woman	കുടുംബം: സ്ത്രീ, സ്ത്രീ, പെൺകുട്ടി	അച്ഛൻ|അമ്മ|ആളുകൾ|കുടുംബം|കുട്ടി|പുരുഷനും സ്ത്രീയും കുഞ്ഞും അടങ്ങുന്ന കുടുംബം|പെൺകുട്ടി|ഫാമിലി|സ്ത്രീ
👩‍👩‍👧‍👦	family: woman, woman, girl, boy	boy|child|family|girl|woman	കുടുംബം: സ്ത്രീ, സ്ത്രീ, പെൺകുട്ടി, ആൺകുട്ടി	അച്ഛൻ|അമ്മ|ആൺകുട്ടി|ആളുകൾ|കുടുംബം|കുട്ടി|പുരുഷനും സ്ത്രീയും കുഞ്ഞും അടങ്ങുന്ന കുടുംബം|പെൺകുട്ടി|ഫാമിലി|സ്ത്രീ
👩‍👩‍👦‍👦	family: woman, woman, boy, boy	boy|child|family|woman	കുടുംബം: സ്ത്രീ, സ്ത്രീ, ആൺകുട്ടി, ആൺകുട്ടി	അച്ഛൻ|അമ്മ|ആൺകുട്ടി|ആളുകൾ|കുടുംബം|കുട്ടി|പുരുഷനും സ്ത്രീയും കുഞ്ഞും അടങ്ങുന്ന കുടുംബം|ഫാമിലി|സ്ത്രീ
👩‍👩‍👧‍👧	family: woman, woman, girl, girl	child|family|girl|woman	കുടുംബം: സ്ത്രീ, സ്ത്രീ, പെൺകുട്ടി, പെൺകുട്ടി	അച്ഛൻ|അമ്മ|ആളുകൾ|കുടുംബം|കുട്ടി|പുരുഷനും സ്ത്രീയും കുഞ്ഞും അടങ്ങുന്ന കുടുംബം|പെൺകുട്ടി|ഫാമിലി|സ്ത്രീ
👨‍👦	family: man, boy	boy|child|family|man	കുടുംബം: പുരുഷൻ, ആൺകുട്ടി	അച്ഛൻ|അമ്മ|ആൺകുട്ടി|ആളുകൾ|കുടുംബം|കുട്ടി|പുരുഷനും സ്ത്രീയും കുഞ്ഞും അടങ്ങുന്ന കുടുംബം|പുരുഷൻ|ഫാമിലി
👨‍👦‍👦	family: man, boy, boy	boy|child|family|man	കുടുംബം: പുരുഷൻ, ആൺകുട്ടി, ആൺകുട്ടി	അച്ഛൻ|അമ്മ|ആൺകുട്ടി|ആളുകൾ|കുടുംബം|കുട്ടി|പുരുഷനും സ്ത്രീയും കുഞ്ഞും അടങ്ങുന്ന കുടുംബം|പുരുഷൻ|ഫാമിലി
👨‍👧	family: man, girl	child|family|girl|man	കുടുംബം: പുരുഷൻ, പെൺകുട്ടി	അച്ഛൻ|അമ്മ|ആളുകൾ|കുടുംബം|കുട്ടി|പുരുഷനും സ്ത്രീയും കുഞ്ഞും അടങ്ങുന്ന കുടുംബം|പുരുഷൻ|പെൺകുട്ടി|ഫാമിലി
👨‍👧‍👦	family: man, girl, boy	boy|child|family|girl|man	കുടുംബം: പുരുഷൻ, പെൺകുട്ടി, ആൺകുട്ടി	അച്ഛൻ|അമ്മ|ആൺകുട്ടി|ആളുകൾ|കുടുംബം|കുട്ടി|പുരുഷനും സ്ത്രീയും കുഞ്ഞും അടങ്ങുന്ന കുടുംബം|പുരുഷൻ|പെൺകുട്ടി|ഫാമിലി
👨‍👧‍👧	family: man, girl, girl	child|family|girl|man	കുടുംബം: പുരുഷൻ, പെൺകുട്ടി, പെൺകുട്ടി	അച്ഛൻ|അമ്മ|ആളുകൾ|കുടുംബം|കുട്ടി|പുരുഷനും സ്ത്രീയും കുഞ്ഞും അടങ്ങുന്ന കുടുംബം|പുരുഷൻ|പെൺകുട്ടി|ഫാമിലി
👩‍👦	family: woman, boy	boy|child|family|woman	കുടുംബം: സ്ത്രീ, ആൺകുട്ടി	അച്ഛൻ|അമ്മ|ആൺകുട്ടി|ആളുകൾ|കുടുംബം|കുട്ടി|പുരുഷനും സ്ത്രീയും കുഞ്ഞും അടങ്ങുന്ന കുടുംബം|ഫാമിലി|സ്ത്രീ
👩‍👦‍👦	family: woman, boy, boy	boy|child|family|woman	കുടുംബം: സ്ത്രീ, ആൺകുട്ടി, ആൺകുട്ടി	അച്ഛൻ|അമ്മ|ആൺകുട്ടി|ആളുകൾ|കുടുംബം|കുട്ടി|പുരുഷനും സ്ത്രീയും കുഞ്ഞും അടങ്ങുന്ന കുടുംബം|ഫാമിലി|സ്ത്രീ
👩‍👧	family: woman, girl	child|family|girl|woman	കുടുംബം: സ്ത്രീ, പെൺകുട്ടി	അച്ഛൻ|അമ്മ|ആളുകൾ|കുടുംബം|കുട്ടി|പുരുഷനും സ്ത്രീയും കുഞ്ഞും അടങ്ങുന്ന കുടുംബം|പെൺകുട്ടി|ഫാമിലി|സ്ത്രീ
👩‍👧‍👦	family: woman, girl, boy	boy|child|family|girl|woman	കുടുംബം: സ്ത്രീ, പെൺകുട്ടി, ആൺകുട്ടി	അച്ഛൻ|അമ്മ|ആൺകുട്ടി|ആളുകൾ|കുടുംബം|കുട്ടി|പുരുഷനും സ്ത്രീയും കുഞ്ഞും അടങ്ങുന്ന കുടുംബം|പെൺകുട്ടി|ഫാമിലി|സ്ത്രീ
👩‍👧‍👧	family: woman, girl, girl	child|family|girl|woman	കുടുംബം: സ്ത്രീ, പെൺകുട്ടി, പെൺകുട്ടി	അച്ഛൻ|അമ്മ|ആളുകൾ|കുടുംബം|കുട്ടി|പുരുഷനും സ്ത്രീയും കുഞ്ഞും അടങ്ങുന്ന കുടുംബം|പെൺകുട്ടി|ഫാമിലി|സ്ത്രീ
🗣️	speaking head	face|head|silhouette|speak|speaking	സംസാരിക്കുന്നയാൾ	തല|നിഴൽച്ചിത്രം|പറയുക|മുഖം|സംസാരിക്കുക|സംസാരിക്കുന്നു
👤	bust in silhouette	bust|mysterious|shadow|silhouette	വ്യക്തിയുടെ നിഴൽച്ചിത്രം	നിഴൽ ശരീരം|നിഴൽച്ചിത്രം|ബസ്റ്റ്|സില്ലൗട്ട്
👥	busts in silhouette	bff|bust|busts|everyone|friend|friends|people|silhouette	വ്യക്തികളുടെ നിഴൽച്ചിത്രം	ആളുകൾ|നിഴൽ ശരീരം|നിഴൽച്ചിത്രം|ബസ്റ്റ്|സില്ലൗട്ട്
🫂	people hugging	comfort|embrace|farewell|friendship|goodbye|hello|hug|hugging|love|people|thanks	ആലിംഗനം ചെയ്യുന്ന ആളുകൾ	ആലിംഗനം|നന്ദി|വിട|സൗഹൃദം|ഹലോ
👪	family	child	കുടുംബം	അച്ഛൻ|അമ്മ|ആളുകൾ|കുട്ടി|പുരുഷനും സ്ത്രീയും കുഞ്ഞും അടങ്ങുന്ന കുടുംബം|ഫാമിലി
🧑‍🧑‍🧒	family: adult, adult, child	adult|child|family	കുടുംബം: രണ്ട് മുതിർന്നയാളുകളും ഒരു കുട്ടിയും	കുടുംബം: മുതിർന്നവർ|കുട്ടി|പ്രായപൂർത്തിയായവർ
🧑‍🧑‍🧒‍🧒	family: adult, adult, child, child	adult|child|family	കുടുംബം: രണ്ട് മുതിർന്നയാളുകളും രണ്ട് കുട്ടികളും	
🧑‍🧒	family: adult, child	adult|child|family	കുടുംബം: മുതിർന്നയാൾ, കുട്ടി	കുടുംബം: മുതിർന്നയാൾ|കുട്ടി
🧑‍🧒‍🧒	family: adult, child, child	adult|child|family	കുടുംബം: മുതിർന്നയാളും രണ്ട് കുട്ടികളും	
👣	footprints	barefoot|clothing|footprint|omw|print|walk	കാൽപ്പാടുകൾ	കാൽപ്പാട്|കാൽപ്പാദം|നടത്തം|പാദം|പാദമുദ്ര
🫆	fingerprint	clue|crime|detective|forensics|identity|mystery|print|safety|trace	വിരലടയാളം	ഫിംഗർപ്രിന്റ്|ഫോറൻസിക്|ബയോമെട്രിക്|ബയോമെട്രിക്സ്|വിരലടയാളങ്ങൾ
🐵	monkey face	animal|banana|face|monkey	കുരങ്ങ് മുഖം	കുരങ്ങ്|മുഖം
🐒	monkey	animal|banana	കുരങ്ങ്	കുരങ്ങൻ|വാനരൻ
🦍	gorilla	animal	ഗോറില്ല	മൃഗം
🦧	orangutan	animal|ape|monkey	ഒറാങ്ങ്ഉട്ടാൻ	ഒറാങ്ങുട്ടാൻ|കുരങ്ങൻ
🐶	dog face	adorbs|animal|dog|face|pet|puppies|puppy	നായ മുഖം	നായ|മുഖം|വള൪ത്ത് മൃഗം
🐕	dog	animal|animals|dogs|pet	നായ	ഓമന മൃഗം|നായ്ക്കുട്ടി|പട്ടി|പട്ടിക്കുട്ടി|മൃഗം
🦮	guide dog	accessibility|animal|blind|dog|guide	ഗൈഡ് നായ	അന്ധൻ|ആക്സസബിലിറ്റി|ഗൈഡ് ഡോഗ്|വഴികാട്ടി
🐕‍🦺	service dog	accessibility|animal|assistance|dog|service	സർവ്വീസ് നായ	ആക്സസബിലിറ്റി|നായ|സർവ്വീസ്|സഹായം
🐩	poodle	animal|dog|fluffy	പൂഡിൽ	ഓമന മൃഗം|നായ|പട്ടി|മൃഗം
🐺	wolf	animal|face	ചെന്നായ	ചെന്നായയുടെ മുഖം|മുഖം
🦊	fox	animal|face	കുറുക്കന്റെ മുഖം	കുറുക്കൻ|മുഖം
🦝	raccoon	animal|curious|sly	മരപ്പട്ടി	കൗശലമുള്ള|ജിജ്ഞാസുവായ
🐱	cat face	animal|cat|face|kitten|kitty|pet	പൂച്ച മുഖം	ഓമന|ഓമന മൃഗം|പൂച്ച|പൂച്ചയുടെ മുഖം|മുഖം
🐈	cat	animal|animals|cats|kitten|pet	പൂച്ച	ഓമന മൃഗം|മൃഗം
🐈‍⬛	black cat	animal|black|cat|feline|halloween|meow|unlucky	കറുത്ത പൂച്ച	കറുത്ത|നിർഭാഗ്യം|പൂച്ച|മൃഗം
🦁	lion	alpha|animal|face|Leo|mane|order|rawr|roar|safari|strong|zodiac	സിംഹ മുഖം	ചിങ്ങരാശി|മുഖം|രാശി ചക്രം|സിംഹം|സിംഹത്തിന്റെ മുഖം|സോഡിയാക്ക്
🐯	tiger face	animal|big|cat|face|predator|tiger	കടുവ മുഖം	കടുവ|മുഖം|മൃഗം
🐅	tiger	animal|big|cat|predator|zoo	കടുവ	മൃഗം
🐆	leopard	animal|big|cat|predator|zoo	പുള്ളിപ്പുലി	മൃഗം
🐴	horse face	animal|dressage|equine|face|farm|horse|horses	കുതിര മുഖം	കുതിര|മൃഗം
🫎	moose	alces|animal|antlers|elk|mammal	കടമാൻ	കലമാൻ|മാൻകൊമ്പ്|മൃഗം|മ്ലാവ്|സസ്തനി
🫏	donkey	animal|ass|burro|hinny|mammal|mule|stubborn	കഴുത	ഇണങ്ങാത്ത|കഴുതച്ചാട്ടം|കോവർ കഴുത|മൃഗം|സസ്തനി
🐎	horse	animal|equestrian|farm|racehorse|racing	കുതിര	പന്തയം|പന്തയക്കുതിര|മൃഗം
🦄	unicorn	face	ഒറ്റക്കൊമ്പുള്ള കുതിര മുഖം	ഒറ്റക്കൊമ്പുള്ള കുതിര|മുഖം|യൂണികോൺ
🦓	zebra	animal|stripe	വരയൻ കുതിര	വരകൾ|സീബ്ര
🦌	deer	animal	മാൻ	മൃഗം
🦬	bison	animal|buffalo|herd|wisent	കാട്ടുപോത്ത്	എരുമ|കൂട്ടം|മൃഗം|യൂറോപ്യൻ കാട്ടുപോത്ത്
🐮	cow face	animal|cow|face|farm|milk|moo	പശു മുഖം	ഗോമുഖം|പശു|പശുവിന്റെ മുഖം|മുഖം
🐂	ox	animal|animals|bull|farm|Taurus|zodiac	കാള	മൃഗം|രാശി ചക്രം|വൃഷഭം
🐃	water buffalo	animal|buffalo|water|zoo	പോത്ത്	മൃഗം|വാട്ടർ ബഫെലൊ
🐄	cow	animal|animals|farm|milk|moo	പശു	മൃഗം
🐷	pig face	animal|bacon|face|farm|pig|pork	പന്നിയുടെ മുഖം	പന്നി|പന്നി മുഖം|മൃഗം
🐖	pig	animal|bacon|farm|pork|sow	പന്നി	മൃഗം
🐗	boar	animal|pig	കാട്ടുപന്നി	മൃഗം
🐽	pig nose	animal|face|farm|nose|pig|smell|snout	പന്നി മൂക്ക്	പന്നി|മൃഗം
🐏	ram	animal|Aries|horns|male|sheep|zodiac|zoo	മുട്ടനാട്	ആട്|മൃഗം|രാശി|രാശിചക്രം
🐑	ewe	animal|baa|farm|female|fluffy|lamb|sheep|wool	ചെമ്മരിയാട്	മൃഗം
🐐	goat	animal|Capricorn|farm|milk|zodiac	ആട്	മകര രാശി|മൃഗം|രാശി ചക്രം
🐪	camel	animal|desert|dromedary|hump|one	ഒട്ടകം	അറേബ്യൻ ഒട്ടകം|ഒരു പൂഞ്ഞയുള്ള ഒട്ടകം|പൂഞ്ഞ|മൃഗം
🐫	two-hump camel	animal|bactrian|camel|desert|hump|two|two-hump	രണ്ട് കൂനുള്ള ഒട്ടകം	ഒട്ടകം|പൂഞ്ഞ|ബാക്ട്രിയൻ ഒട്ടകം|രണ്ട് പൂഞ്ഞയുള്ള ഒട്ടകം
🦙	llama	alpaca|animal|guanaco|vicuña|wool	ലാമ	ആൽപാക|ഗ്വാനാകോ|ചെമ്മരിയാടിന്റെ രോമം|വികുന
🦒	giraffe	animal|spots	ജിറാഫ്	പുള്ളികൾ|മൃഗം
🐘	elephant	animal	ആന	മൃഗം
🦣	mammoth	animal|extinction|large|tusk|wooly	പ്രാചീന ഗജം	കൊമ്പ്|മാമത്ത്|മൃഗം|രോമാവൃതം|വലിയ|വംശനാശം
🦏	rhinoceros	animal	കാണ്ടാമൃഗം	മൃഗം
🦛	hippopotamus	animal|hippo	നീർക്കുതിര	ഹിപ്പൊപ്പൊട്ടാമസ്|ഹിപ്പോ
🐭	mouse face	animal|face|mouse	ചുണ്ടെലി മുഖം	ചുണ്ടെലി|മൃഗം
🐁	mouse	animal|animals	ചുണ്ടെലി	മൃഗം
🐀	rat	animal	എലി	മൃഗം
🐹	hamster	animal|face|pet	ഹാംസ്റ്റർ മുഖം	ഓമന മൃഗം|മൃഗം|ഹാംസ്റ്റർ
🐰	rabbit face	animal|bunny|face|pet|rabbit	മുയൽ മുഖം	ഓമന മൃഗം|മുഖം|മുയലിന്റെ മുഖം|മുയൽ|മുയൽക്കുഞ്ഞ്
🐇	rabbit	animal|bunny|pet	മുയൽ	ഓമന മൃഗം|മുയൽക്കുഞ്ഞ്|മൃഗം
🐿️	chipmunk	animal|squirrel	അണ്ണാൻ	മൃഗം
🦫	beaver	animal|dam|teeth	നീർനായ്	തള്ളമൃഗം|നീർനായ|ബീവർ|മൃഗം
🦔	hedgehog	animal|spiny	മുള്ളൻപന്നി	മുള്ളുകൾ
🦇	bat	animal|vampire	വവ്വാൽ	മൃഗം|വാവൽ
🐻	bear	animal|face|grizzly|growl|honey	കരടി മുഖം	കരടി|മൃഗം
🐻‍❄️	polar bear	animal|arctic|bear|polar|white	ഹിമക്കരടി	ആർട്ടിക്ക്|കരടി|വെളുത്ത
🐨	koala	animal|australia|bear|down|face|marsupial|under	കൊയല	കൊയല കരടി|മൃഗം
🐼	panda	animal|bamboo|face	പാണ്ട മുഖം	പാൻഡ|പാൻഡയുടെ മുഖം|മൃഗം
🦥	sloth	lazy|slow	തേവാങ്ക്	പതുക്കെ|മടി
🦦	otter	animal|fishing|playful	നീർനായ	കളിക്കുന്നത്|മീൻപിടുത്തം
🦨	skunk	animal|stink	കുട്ടിസ്രാങ്ക്	ദുർഗന്ധം
🦘	kangaroo	animal|joey|jump|marsupial	കംഗാരു	ഓസ്ട്രേലിയ|കംഗാരു കുട്ടി|ചാട്ടം|സഞ്ചിയുള്ളത്
🦡	badger	animal|honey|pester	തുരപ്പൻകരടി	തറക്കരടി|നിരന്തരം ശല്യപ്പെടുത്തുക
🐾	paw prints	feet|paw|paws|print|prints	മൃഗത്തിന്റെ കാൽപ്പാടുകൾ	കാൽപ്പാട്|മൃഗം|മൃഗ പാദമുദ്ര
🦃	turkey	bird|gobble|thanksgiving	ടർക്കി കോഴി	
🐔	chicken	animal|bird|ornithology	കോഴി	ചിക്കൻ
🐓	rooster	animal|bird|ornithology	പൂവൻ കോഴി	
🐣	hatching chick	animal|baby|bird|chick|egg|hatching	വിരിഞ്ഞുവരുന്ന കോഴിക്കുഞ്ഞ്	കുഞ്ഞ്|കോഴിക്കുഞ്ഞ്|വിരിഞ്ഞു വരുന്ന മുട്ട
🐤	baby chick	animal|baby|bird|chick|ornithology	കോഴിക്കുഞ്ഞ്	കുഞ്ഞ്
🐥	front-facing baby chick	animal|baby|bird|chick|front-facing|newborn|ornithology	കോഴിക്കുഞ്ഞിന്റെ മുഖം	കുഞ്ഞ്|കോഴിക്കുഞ്ഞ്
🐦	bird	animal|ornithology	പക്ഷി	പറവ|മൃഗം
🐧	penguin	animal|antarctica|bird|ornithology	പെൻഗ്വിൻ	പക്ഷി
🕊️	dove	bird|fly|ornithology|peace	പ്രാവ്	പക്ഷി|പറവ|സമാധാനം|സമാധാനത്തിന്റെ ചിഹ്നമായ പ്രാവ്
🦅	eagle	animal|bird|ornithology	കഴുകൻ	പക്ഷി|പരുന്ത്
🦆	duck	animal|bird|ornithology	താറാവ്	പക്ഷി
🦢	swan	animal|bird|cygnet|duckling|ornithology|ugly	അരയന്നം	അരയന്നക്കുഞ്ഞ്|പക്ഷി|വൃത്തിയില്ലാത്ത കുട്ടിത്താറാവ്
🦉	owl	animal|bird|ornithology|wise	മൂങ്ങ	പക്ഷി
🦤	dodo	animal|bird|extinction|large|ornithology	ഡോഡോ പക്ഷി	ഡോഡോ|മൗറീഷ്യസ്|വംശനാശം
🪶	feather	bird|flight|light|plumage	തൂവൽ	പക്ഷി|പക്ഷിത്തൂവലുകൾ|ഫ്ലൈറ്റ്|ലൈറ്റ്
🦩	flamingo	animal|bird|flamboyant|ornithology|tropical	ഹംസം	ഉഷ്ണമേഖല|പക്ഷി|പക്ഷിശാസ്ത്രം|ഫ്ലമിംഗോ|രാജഹംസം
🦚	peacock	animal|bird|colorful|ornithology|ostentatious|peahen|pretty|proud	ആൺമയിൽ	അഭിമാനം|പക്ഷി|പെൺമയിൽ|പ്രകടിപ്പിക്കുന്നത്
🦜	parrot	animal|bird|ornithology|pirate|talk	തത്ത	പക്ഷി|പൈറേറ്റ്|സംസാരിക്കുക
🪽	wing	angelic|ascend|aviation|bird|fly|flying|heavenly|mythology|soar	ചിറക്	ഐതിഹ്യം|പക്ഷി|പറക്കൽ|പറക്കുന്നു|മാലാഖ|മാലാഖയെ പോലുള്ള|വ്യോമയാനം
🐦‍⬛	black bird	animal|beak|bird|black|caw|corvid|crow|ornithology|raven|rook	കറുത്ത പക്ഷി	കരിങ്കാക്ക|കറുപ്പ്|കാക്ക|കിളി|പക്ഷി|ബലിക്കാക്ക
🪿	goose	animal|bird|duck|flock|fowl|gaggle|gander|geese|honk|ornithology|silly	വാത്ത	കാട്ടുതാറാവിന്റെ കരച്ചിൽ|കുളക്കോഴി|താറാവ്|പക്ഷി|ബാലിശം|വാത്ത്
🐦‍🔥	phoenix	ascend|ascension|emerge|fantasy|firebird|glory|immortal|rebirth|reincarnation|reinvent|renewal|revival|revive|rise|transform	ഫീനിക്സ്	അനശ്വരം|തീപക്ഷി|പുനർജനി|പുനർജന്മം|ഫീനിക്സ് പക്ഷി|ഭാവനാലോകം|മരണമില്ല
🐸	frog	animal|face	തവള മുഖം	തവള|മൃഗം
🐊	crocodile	animal|zoo	മുതല	മൃഗം
🐢	turtle	animal|terrapin|tortoise	ആമ	മൃഗം
🦎	lizard	animal|reptile	പല്ലി	ഉരഗം
🐍	snake	animal|bearer|Ophiuchus|serpent|zodiac	പാമ്പ്	ഉരഗം|നാഗം|രാശി ചക്രം|സർപ്പം
🐲	dragon face	animal|dragon|face|fairy|fairytale|tale	ഡ്രാഗൺ മുഖം	ഡ്രാഗൺ|മുഖം|മുത്തശ്ശിക്കഥ
🐉	dragon	animal|fairy|fairytale|knights|tale	ഡ്രാഗൺ	മുത്തശ്ശിക്കഥ|മൃഗം
🦕	sauropod	brachiosaurus|brontosaurus|dinosaur|diplodocus	സോറോപോഡ്	ദിനോസർ|ബ്രോണ്ടോസോറസ്
🦖	T-Rex	dinosaur|Rex|T|Tyrannosaurus	ടി-റെക്സ്	ദിനോസർ|റ്റിറാനോസോറസ് റെക്സ്
🐳	spouting whale	animal|beach|face|ocean|spouting|whale	വെള്ളം ചീറ്റുന്ന തിമിംഗലം	തിമിംഗലം|മുഖം|വെള്ളം ചീറ്റുക
🐋	whale	animal|beach|ocean	തിമിംഗലം	
🐬	dolphin	animal|beach|flipper|ocean	ഡോൾഫിൻ	ഫ്ലിപ്പർ
🫍	orca	marine|ocean|whale	കൊലയാളി തിമിംഗലം	കടൽ സംബന്ധമായ|തിമിംഗലം|സമുദ്രം
🦭	seal	animal|lion|ocean|sea	സീൽ	കടൽ സിംഹം|മൃഗം
🐟	fish	animal|dinner|fishes|fishing|Pisces|zodiac	മത്സ്യം	മീനമാസം|രാശി ചക്രം
🐠	tropical fish	animal|fish|fishes|tropical	ട്രോപ്പിക്കൽ ഫിഷ്	ഉഷ്ണമേഖല|മത്സ്യം
🐡	blowfish	animal|fish	ബ്ലോഫിഷ്	മത്സ്യം
🦈	shark	animal|fish	സ്രാവ്	മൽസ്യം
🐙	octopus	animal|creature|ocean	നീരാളി	
🐚	spiral shell	animal|beach|conch|sea|shell|spiral	ചിപ്പി	കക്ക|ശംഖ്|ഷെൽ
🪸	coral	change|climate|ocean|reef|sea	പവിഴപ്പുറ്റ്	കടൽ|കാലാവസ്ഥാ വ്യതിയാനം|കോറൽ|പവിഴം|പവിഴപ്പുറ്റ് നിര|സമുദ്രം
🪼	jellyfish	animal|aquarium|burn|invertebrate|jelly|life|marine|ocean|ouch|plankton|sea|sting|stinger|tentacles	ജെല്ലീഫിഷ്	അക്വേറിയം|കടൽ|കടൽ സംബന്ധമായ|കുത്തുന്ന ജീവി|ജെല്ലി|ജെല്ലിഫിഷ്|ജ്വലിക്കുക|നട്ടെല്ലില്ലാത്ത|സമുദ്രം
🦀	crab	Cancer|zodiac	ഞണ്ട്	രാശി ചക്രം
🦞	lobster	animal|bisque|claws|seafood	കൊഞ്ച്	കടൽവിഭവം|ജന്തുക്കളുടെ നഖം|ബിസ്ക്
🦐	shrimp	food|shellfish|small	ചെമ്മീൻ	കൊഞ്ച്|മൽസ്യം|മീൻ
🦑	squid	animal|food|mollusk	കൂന്തൾ	കണവ|മൽസ്യം
🦪	oyster	diving|pearl	മുത്തുച്ചിപ്പി	ഡൈവിംഗ്|മുത്ത്
🐌	snail	animal|escargot|garden|nature|slug	ഒച്ച്	പ്രാണി|മൃഗം
🦋	butterfly	insect|pretty	ചിത്രശലഭം	പൂമ്പാറ്റ
🐛	bug	animal|garden|insect	പഴുതാര	പ്രാണി|മൃഗം
🐜	ant	animal|garden|insect	ഉറുമ്പ്	പ്രാണി|മൃഗം
🐝	honeybee	animal|bee|bumblebee|honey|insect|nature|spring	തേനീച്ച	പ്രാണി|മൃഗം
🪲	beetle	animal|bug|insect	ചീവിട്	കീടം|പ്രാണി|മൃഗം
🐞	lady beetle	animal|beetle|garden|insect|lady|ladybird|ladybug|nature	വണ്ട്	പ്രാണി|മൃഗം
🦗	cricket	animal|bug|grasshopper|insect|Orthoptera	ചീവീട്	പുൽച്ചാടി
🪳	cockroach	animal|insect|pest|roach	പാറ്റ	കീടം|കൂറ|കൃമി കീടം
🕷️	spider	animal|insect	ചിലന്തി	പ്രാണം|ഷഡ്പദം
🕸️	spider web	spider|web	ചിലന്തി വല	ചിലന്തി|ചിലന്തിവല
🦂	scorpion	Scorpio|Scorpius|zodiac	തേൾ	രാശി ചക്രം|സ്കോർപ്പിയോ രാശി
🦟	mosquito	bite|disease|fever|insect|malaria|pest|virus	കൊതുക്	അസുഖം|പനി|പ്രാണി|മലേറിയ|വൈറസ്
🪰	fly	animal|disease|insect|maggot|pest|rotting	ഈച്ച	അഴുകൽ|കൃമി കീടം|പുഴു|രോഗം
🪱	worm	animal|annelid|earthworm|parasite	കൃമി	നീണ്ടുരുണ്ട കൃമി|പരാദം|മണ്ണിര|വിര
🦠	microbe	amoeba|bacteria|science|virus	രോഗാണു	അമീബ|ബാക്ടീരിയ|വൈറസ്
💐	bouquet	anniversary|birthday|date|flower|love|plant|romance	പൂച്ചെണ്ട്	പുഷ്പം|പ്രണയം|ബൊക്കെ|റൊമാൻസ്
🌸	cherry blossom	blossom|cherry|flower|plant|spring|springtime	ചെറി പുഷ്പം	ചെറി|പുഷ്പം|പൂവ്|ബ്ലോസ്സം
💮	white flower	flower|white	വെളുത്ത പൂവ്	പുഷ്പ മുദ്ര|പൂവ്|മുദ്ര|സ്റ്റാമ്പ്
🪷	lotus	beauty|Buddhism|calm|flower|Hinduism|peace|purity|serenity	താമര	ഇന്ത്യ|പുഷ്പം|പൂവ്|ബുദ്ധമതം|വിയറ്റ്നാം|വിശുദ്ധി|ശാന്തത|ശാന്തി|ഹിന്ദുമതം
🏵️	rosette	plant	റൊസെറ്റ്	ചെടി
🌹	rose	beauty|elegant|flower|love|plant|red|valentine	റോസാപ്പൂ	ചെടി|പുഷ്പം|പൂവ്|റോസാച്ചെടി|റോസാപുഷ്പം
🥀	wilted flower	dying|flower|wilted	വാടിയ പുഷ്പം	പുഷ്പം|പൂവ്|വാടിയത്
🌺	hibiscus	flower|plant	ചെമ്പരത്തി	ചെടി|പുഷ്പം|പൂ|പൂവ്
🌻	sunflower	flower|outdoors|plant|sun	സൂര്യകാന്തി	ചെടി|പുഷ്പം|പൂ|പൂവ്|സൺഫ്ലവർ|സൂര്യൻ
🌼	blossom	buttercup|dandelion|flower|plant	പൂവ്	ചെടി|ജമന്തി പൂവ്|പുഷ്പം|പൂ
🌷	tulip	blossom|flower|growth|plant	ട്യൂലിപ്	ചെടി|ടൂളിപ്|പുഷ്പം|പൂവ്|റ്റൂലിപ്പ്
🪻	hyacinth	bloom|bluebonnet|flower|indigo|lavender|lilac|lupine|plant|purple|shrub|snapdragon|spring|violet	ഹയസിന്ത്	പുഷ്പം|ബ്ലൂ ബോണറ്റ്|ലാവൻഡർ|ലൂപിൻ|സ്നാപ്ഡ്രാഗൺ
🌱	seedling	plant|sapling|sprout|young	തൈ	ചെടി|തളിര്|മരം വളർത്തൽ
🪴	potted plant	decor|grow|house|nurturing|plant|pot|potted	ചട്ടിയിൽ വളർത്തുന്ന ചെടി	അലങ്കാര സസ്യം|കള്ളിച്ചെടി|ചെടി|പരിപാലനം|മുൾച്ചെടി|സസ്യം
🌲	evergreen tree	christmas|evergreen|forest|pine|tree	നിത്യഹരിത വൃക്ഷം	പച്ചപ്പ്|മരം
🌳	deciduous tree	deciduous|forest|green|habitat|shedding|tree	ഇലപൊഴിയും മരം	ഇലകൊഴിയൽ|ശിശിരം
🌴	palm tree	beach|palm|plant|tree|tropical	പന	മരം
🌵	cactus	desert|drought|nature|plant	കള്ളിമുൾച്ചെടി	കള്ളിച്ചെടി|ചെടി|മരുച്ചെടി|മരുഭൂമി
🌾	sheaf of rice	ear|grain|grains|plant|rice|sheaf	നെൽക്കതിർ	അരി|കതിർ|ഞാറ്|നെല്ല്
🌿	herb	leaf|plant	ഔഷധച്ചെടി	ആയുർവേദം|ഔഷധം|പച്ചില|മരുന്ന്
☘️	shamrock	irish|plant	ഷാംറോക്ക്	ചെടി
🍀	four leaf clover	4|clover|four|four-leaf|irish|leaf|lucky|plant	നാലിതൾ ചെടി	ഇലകൾ|നാലിതളുകളുള്ള ചെടി|നാലിതൾ|പുഷ്പം|പൂ|പൂവ്|ഭാഗ്യം
🍁	maple leaf	falling|leaf|maple	മേപ്പിൾ ഇല	ഇല|ഉണക്കയില|മേപ്പിളില|മേപ്പിൾ
🍂	fallen leaf	autumn|fall|fallen|falling|leaf	ഉണങ്ങി വീഴുന്ന ഇല	ഇലകൾ|ഉണക്കയില|കരിയില|വീണ ഇല
🍃	leaf fluttering in wind	blow|flutter|fluttering|leaf|wind	കാറ്റിൽ പറക്കുന്ന ഇല	കാറ്റിലെ ഇല|കാറ്റ്|പറക്കുന്ന ഇല|മർമ്മരം
🪹	empty nest	branch|empty|home|nest|nesting	ഒഴിഞ്ഞ പക്ഷിക്കൂട്	കാലിയായ കൂട്|കിളിക്കൂട്|കിളിയില്ലാത്ത കൂട്|പക്ഷിക്കൂട്|പറക്ക മുറ്റാത്ത പക്ഷി|ശൂന്യമായ കൂട്
🪺	nest with eggs	bird|branch|egg|eggs|nest|nesting	മുട്ടകളുള്ള പക്ഷിക്കൂട്	കിളി|കിളിക്കൂട്|കിളിമുട്ട|പക്ഷിക്കൂട്|പറക്ക മുറ്റാത്ത പക്ഷി|മുട്ട
🍄	mushroom	fungus|toadstool	കൂൺ	സസ്യം
🪾	leafless tree	bare|barren|branches|dead|drought|leafless|tree|trunk|winter|wood	ഇലയില്ലാത്ത മരം	ഇലപൊഴിയും മരങ്ങൾ|വിന്റർ|ശിശിരം|ശൈത്യം
🍇	grapes	Dionysus|fruit|grape	മുന്തിരി	പഴം
🍈	melon	cantaloupe|fruit	മത്തങ്ങ	തണ്ണിമത്തൻ|പഴം|വത്തക്ക
🍉	watermelon	fruit	തണ്ണിമത്തൻ	പഴം|വത്തക്ക
🍊	tangerine	c|citrus|fruit|nectarine|orange|vitamin	മധുരനാരങ്ങ	ഓറഞ്ച്|നാരങ്ങ|പഴം
🍋	lemon	citrus|fruit|sour	ചെറുനാരങ്ങ	നാരങ്ങ|പഴം|പുളി നാരങ്ങ
🍋‍🟩	lime	acidity|citrus|cocktail|fruit|garnish|key|margarita|mojito|refreshing|salsa|sour|tangy|tequila|tropical|zest	ലൈം	ഉന്മേഷം|ഉഷ്ണമേഖല|കോക്ക്ടെയിൽ|ജ്യൂസ്|നാരങ്ങ|പച്ച|പഴം
🍌	banana	fruit|potassium	വാഴപ്പഴം	കായ|പഴം
🍍	pineapple	colada|fruit|pina|tropical	കൈതച്ചക്ക	പഴം|പുറുത്തിച്ചക്ക|പൈനാപ്പിൾ
🥭	mango	food|fruit|tropical	മാങ്ങ	
🍎	red apple	apple|diet|food|fruit|health|red|ripe	ചുവന്ന ആപ്പിൾ	ആപ്പിൾ|പഴം|റെഡ്
🍏	green apple	apple|fruit|green	പച്ച ആപ്പിൾ	ആപ്പിൾ|ഗ്രീൻ|പഴം
🍐	pear	fruit	പിയർ	പഴം
🍑	peach	fruit	പീച്ച്	പഴം
🍒	cherries	berries|cherry|fruit|red	ചെറി	പഴം
🍓	strawberry	berry|fruit	സ്ട്രോബെറി	പഴം|ബെറി
🫐	blueberries	berries|berry|bilberry|blue|blueberry|food|fruit	ബ്ലൂബെറികൾ	പഴം|ബിൽബെറി|ബെറി|ബ്ലൂ|ബ്ലൂബെറി
🥝	kiwi fruit	food|fruit|kiwi	കിവിപ്പഴം	കിവി|പഴം|ഭക്ഷണം
🍅	tomato	food|fruit|vegetable	തക്കാളി	പച്ചക്കറി
🫒	olive	food	ഒലീവ്	ഒലീവില|ഭക്ഷണം|ഹരിതം
🥥	coconut	colada|palm|piña	നാളികേരം	തേങ്ങ
🥑	avocado	food|fruit	വെണ്ണപ്പഴം	പഴം|ഭക്ഷണം
🍆	eggplant	aubergine|vegetable	വഴുതന	പച്ചക്കറി
🥔	potato	food|vegetable	ഉരുളക്കിഴങ്ങ്	പച്ചക്കറി|ഭക്ഷണം
🥕	carrot	food|vegetable	ക്യാരറ്റ്	പച്ചക്കറി|ഭക്ഷണം
🌽	ear of corn	corn|crops|ear|farm|maize|maze	ചോളം	ചോളക്കതിർ
🌶️	hot pepper	hot|pepper	ചുവന്ന മുളക്	എരിവ്|പച്ചക്കറി|മുളക്
🫑	bell pepper	bell|capsicum|food|pepper|vegetable	മണി കുരുമുളക്	കാപ്സിക്കം|പച്ചക്കറി|മുളക്|വെജിറ്റബിൾ
🥒	cucumber	food|pickle|vegetable	വെള്ളരിക്ക	പച്ചക്കറി|ഭക്ഷണം
🥬	leafy green	bok|burgers|cabbage|choy|green|kale|leafy|lettuce|salad	പച്ചില നിറഞ്ഞ	കാബേജിന്റെ ഇല|കാബേജ്|പച്ച|പച്ചില|ബർഗർ|ലെറ്റൂസ്|സാലഡ്
🥦	broccoli	cabbage|wild	ബ്രോക്കോളി	പച്ചക്കറി
🧄	garlic	flavoring	വെളുത്തുള്ളി	സ്വാദിഷ്ഠമാക്കൽ
🧅	onion	flavoring	ഉള്ളി	സ്വാദിഷ്ഠമാക്കൽ
🥜	peanuts	food|nut|peanut|vegetable	നിലക്കടല	കടല|ഭക്ഷണം
🫘	beans	food|kidney|legume|small	ബീൻസ്	കിഡ്നി|പയർ മണി|പയറ്|ഭക്ഷണം
🌰	chestnut	almond|plant	ചെസ്റ്റ്നട്ട്	
🫚	ginger root	beer|ginger|health|herb|natural|root|spice	ഇഞ്ചി	ആരോഗ്യം|കിഴങ്ങ്|പാനീയം|സുഗന്ധവ്യഞ്ജനം|ഹെർബൽ
🫛	pea pod	beans|beanstalk|edamame|legume|pea|pod|soybean|vegetable|veggie	പയറിന്റെ തോട്	അമര|പച്ചക്കറി|പട്ടാണിക്കടല|പയർ|പയർവർഗ്ഗങ്ങൾ|ബീൻസ്
🍄‍🟫	brown mushroom	food|fungi|fungus|mushroom|nature|pizza|portobello|shiitake|shroom|spore|sprout|toppings|truffle|vegetable|vegetarian|veggie	തവിട്ട് നിറത്തിലുള്ള കൂൺ	പച്ചക്കറി|പ്രകൃതി|ഫംഗസ്|ഫുഡ്|ബ്രൗൺ മഷ്രൂം|ഭക്ഷണം|മഷ്റൂം|വെജിറ്റേറിയൻ
🫜	root vegetable	beet|food|garden|radish|root|salad|turnip|vegetable|vegetarian	കിഴങ്ങുവർഗം	കാച്ചിൽ|കാരറ്റ്|കൂവ|ചേമ്പ്|ബീറ്റ്റൂട്ട്|മരച്ചീനി|മുള്ളങ്കി
🍞	bread	carbs|food|grain|loaf|restaurant|toast|wheat	ബ്രെഡ്	ഭക്ഷണം|ഹോട്ടൽ
🥐	croissant	bread|breakfast|crescent|food|french|roll	ഫ്രെഞ്ച് റോൾ	ക്രോയ്സൻറ്|ഫ്രെഞ്ച്|ബ്രെഡ്|ഭക്ഷണം|റോൾ
🥖	baguette bread	baguette|bread|food|french	ബാഗെറ്റ് ബ്രെഡ്	ബാഗെറ്റ്|ബ്രെഡ്
🫓	flatbread	arepa|bread|food|gordita|lavash|naan|pita	ഫ്ലാറ്റ്ബ്രഡ്	അരീപ|നാൻ|പീട|ബ്രഡ്|ഭക്ഷണം|ലാവഷ്
🥨	pretzel	convoluted|twisted	പ്രെറ്റ്സൽ	ഭക്ഷണം|യൂറോപ്പ്
🥯	bagel	bakery|bread|breakfast|schmear	ബാഗെൽ	
🥞	pancakes	breakfast|crêpe|food|hotcake|pancake	പാൻ കേക്ക്	കേക്ക്|ഭക്ഷണം
🧇	waffle	breakfast|indecisive|iron	വേഫിൾ	ഇരുമ്പ്|ഉറപ്പില്ലാത്തത്
🧀	cheese wedge	cheese|wedge	പാൽക്കട്ടി	ചീസ്
🍖	meat on bone	bone|meat	മാംസം	എല്ലിൽ മാംസം|എല്ല്ല്|ഭക്ഷണം|ഹോട്ടൽ
🍗	poultry leg	bone|chicken|drumstick|hungry|leg|poultry|turkey	കോഴിക്കാൽ	ആഹാരം|ചിക്കൻ കാൽ|ഭക്ഷണം|ഹോട്ടൽ
🥩	cut of meat	chop|cut|lambchop|meat|porkchop|red|steak	ഇറച്ചിത്തുണ്ടം	ആട്ടിറച്ചി|പന്നിയിറച്ചി|മാംസം
🥓	bacon	breakfast|food|meat	ഉണക്കിയ പന്നിയിറച്ചി	ഇറച്ചി|പന്നിയിറച്ചി|ഭക്ഷണം
🍔	hamburger	burger|eat|fast|food|hungry	ഹാംബർഗർ	ആഹാരം|ബർഗർ|ഭക്ഷണം|ഹോട്ടൽ
🍟	french fries	fast|food|french|fries	ഫ്രെഞ്ച് ഫ്രൈസ്	ഉരുളക്കിഴങ്ങ് ചിപ്സ്|ഫിംഗർ ചിപ്സ്|ഭക്ഷണം|ലഘു ഭക്ഷണം|സ്നാക്സ്|ഹോട്ടൽ
🍕	pizza	cheese|food|hungry|pepperoni|slice	പിസ	ആഹാരം|പിസ സ്ലൈസ്|ഭക്ഷണം|ഹോട്ടൽ
🌭	hot dog	dog|frankfurter|hot|hotdog|sausage	ഹോട്ട് ഡോഗ്	ഫ്രാങ്ക്ഫർട്ടർ|സോസേജ്|ഹോട്ട്ഡോഗ്
🥪	sandwich	bread	സാൻഡ്വിച്ച്	ബ്രെഡ്
🌮	taco	mexican	ടാകോ	ആഹാരം|ഭക്ഷണം|മെക്സിക്കൻ
🌯	burrito	mexican|wrap	ബറീറ്റോ	ആഹാരം|ഭക്ഷണം|മെക്സിക്കൻ
🫔	tamale	food|mexican|pamonha|wrapped	ടാമേൽ	ഭക്ഷണം|മെക്സിക്കൻ|റാപ്ഡ്
🥙	stuffed flatbread	falafel|flatbread|food|gyro|kebab|stuffed	സ്റ്റഫ് ചെയ്ത ഫ്ലാറ്റ്ബ്രെഡ്	കബാബ്|ബ്രെഡ്|സ്റ്റഫ് ചെയ്തത്
🧆	falafel	chickpea|meatball	ഫലാഫൽ	കടല|മീറ്റ്ബോൾ
🥚	egg	breakfast|food	മുട്ട	ഭക്ഷണം
🍳	cooking	breakfast|easy|egg|fry|frying|over|pan|restaurant|side|sunny|up	പാചകം	ഓംലെറ്റ്|കുക്കിംഗ്|കോഴിമുട്ട|ഫ്രയിംഗ് പാൻ|ബുൾസൈ|ഭക്ഷണം|ഹോട്ടൽ
🥘	shallow pan of food	casserole|food|paella|pan|shallow	പരന്ന പാത്രത്തിലെ ഭക്ഷണം	കാസറോൾ|പരന്നപാത്രം|പാൻ|ഭക്ഷണം
🍲	pot of food	food|pot|soup|stew	ഭക്ഷണ പാത്രം	ചൂടുള്ള ആഹാരം|ഭക്ഷണം|ഹോട്ടൽ
🫕	fondue	cheese|chocolate|food|melted|pot|ski	ഫോണ്ട്യൂ	ചീസ്|ചോക്ലേറ്റ്|പോട്ട്|മെൽറ്റഡ്|സ്വിസ്സ്
🥣	bowl with spoon	bowl|breakfast|cereal|congee|oatmeal|porridge|spoon	പിഞ്ഞാണവും സ്പൂണും	ഓട്ട്മീൽ കഞ്ഞി|കഞ്ഞി|പ്രാതൽ|ഭക്ഷണം|സൂപ്പ്
🥗	green salad	food|green|salad	ഗ്രീൻ സാലഡ്	പച്ചക്കറി|ഭക്ഷണം|സാലഡ്
🍿	popcorn	corn|movie|pop	പോപ്കോൺ	ലഘുഭക്ഷണം
🧈	butter	dairy	ബട്ടർ	പാലുൽപ്പന്നം|വെണ്ണ
🧂	salt	condiment|flavor|mad|salty|shaker|taste|upset	ഉപ്പ്	
🥫	canned food	can|canned|food	ടിന്നിലടച്ച ഭക്ഷണം	ക്യാൻ|ടിൻ
🍱	bento box	bento|box|food	ബെന്റോ ബോക്സ്	ബെന്റോ|ഭക്ഷണം|ഹോട്ടൽ
🍘	rice cracker	cracker|food|rice	റൈസ് ക്രാക്കർ	അരി|ആഹാരം|ഭക്ഷണം
🍙	rice ball	ball|food|Japanese|rice	റൈസ് ബോൾ	അരി|അരിയുണ്ട|ആഹാരം|ഭക്ഷണം|ഹോട്ടൽ
🍚	cooked rice	cooked|food|rice	ചോറ്	ആഹാരം|ഭക്ഷണം|ഹോട്ടൽ
🍛	curry rice	curry|food|rice	ചോറും കറിയും	കറി|ചോറ്|ഹോട്ടൽ ഭക്ഷണം
🍜	steaming bowl	bowl|chopsticks|food|noodle|pho|ramen|soup|steaming	ആവി പറക്കുന്ന ബൗൾ	ആഹാരം|നൂഡിൽ|നൂഡിൽസ്|ഭക്ഷണം|രാമെൻ|ഹോട്ടൽ
🍝	spaghetti	food|meatballs|pasta|restaurant	സ്പെഗാട്ടി	പാസ്ത|പാസ്റ്റ|ഭക്ഷണം|സ്പാഗെറ്റി|ഹോട്ടൽ
🍠	roasted sweet potato	food|potato|roasted|sweet	പൊരിച്ച ഉരുളക്കിഴങ്ങ്	പൊരിച്ച മധുരക്കിഴങ്ങ്|പൊരിച്ചത്|ഭക്ഷണം|ഹോട്ടൽ|റോസ്റ്റഡ് സ്വീറ്റ് പൊട്ടാറ്റോ
🍢	oden	food|kebab|restaurant|seafood|skewer|stick	ഓഡെൻ	കബാബ്|ഭക്ഷണം|സീഫുഡ്|സ്റ്റിക്ക്|ഹോട്ടൽ
🍣	sushi	food	സുഷി	ചൈനീസ്|ഭക്ഷണം|ഹോട്ടൽ
🍤	fried shrimp	fried|prawn|shrimp|tempura	പൊരിച്ച കൊഞ്ച്	കൊഞ്ച്|ചെമ്മീൻ|ഭക്ഷണം|ഹോട്ടൽ
🍥	fish cake with swirl	cake|fish|food|pastry|restaurant|swirl	ഫിഷ് കേക്ക് ചുരുൾ	കേക്ക്|ചുരുൾ|പേസ്ട്രി|ഭക്ഷണം|മീൻ|റെസ്റ്റോറന്റ്
🥮	moon cake	autumn|cake|festival|moon|yuèbǐng	മൂൺ കേക്ക്	
🍡	dango	dessert|Japanese|skewer|stick|sweet	ഡാംഗോ	ആഹാരം|ഫാസ്റ്റ് ഫുഡ്|ഭക്ഷണം|മൊച്ചി|ഹോട്ടൽ
🥟	dumpling	empanada|gyōza|jiaozi|pierogi|potsticker	ഡമ്പ്ലിങ്ങ്	കൊഴുക്കട്ട|പലഹാരം
🥠	fortune cookie	cookie|fortune|prophecy	ഫോർച്യൂൺ കുക്കി	ചൈനീസ് റെസ്റ്റോറന്റ്|പലഹാരം|പ്രവചനം
🥡	takeout box	box|chopsticks|delivery|food|oyster|pail|takeout	ടേക്ക്ഔട്ട് ബോക്സ്	ഓയ്സ്റ്റർ പെയിൽ
🍦	soft ice cream	cream|dessert|food|ice|icecream|restaurant|serve|soft|sweet	സോഫ്റ്റ് ഐസ്ക്രീം	ഐസ് ക്രീം|ഐസ്ക്രീം|ഭക്ഷണം|സോഫ്റ്റ് ഐസ് ക്രീം|ഹോട്ടൽ
🍧	shaved ice	dessert|ice|restaurant|shaved|sweet	ഷേവ്ഡ് ഐസ്	ഐസ്|ഐസ്ക്രീം|ഭക്ഷണം|ഹോട്ടൽ
🍨	ice cream	cream|dessert|food|ice|restaurant|sweet	ഐസ്ക്രീം	ഐസ്|ഐസ് ക്രീം|ഭക്ഷണം|ഹോട്ടൽ
🍩	doughnut	breakfast|dessert|donut|food|sweet	ഡോനട്ട്	ഭക്ഷണം|ലഘുഭക്ഷണം|സ്നാക്സ്|ഹോട്ടൽ
🍪	cookie	chip|chocolate|dessert|sweet	കുക്കി	ബിസ്ക്കറ്റ്|ഭക്ഷണം|ഹോട്ടൽ
🎂	birthday cake	bday|birthday|cake|celebration|dessert|happy|pastry|sweet	പിറന്നാൾ കേക്ക്	ആഘോഷം|ജന്മദിനം|പാർട്ടി|പിറന്നാൾ|ബെർത്ത്ഡേ|സ്വീറ്റ്
🍰	shortcake	cake|dessert|pastry|slice|sweet	മുറിച്ച കേക്ക്	കേക്ക്|കേക്ക് കഷ്ണം|ചെറിയ കേക്ക്|ബേക്കറി|ഭക്ഷണം|ഹോട്ടൽ
🧁	cupcake	bakery|dessert|sprinkles|sugar|sweet|treat	കപ്പ് കേക്ക്	
🥧	pie	apple|filling|fruit|meat|pastry|pumpkin|slice	പൈ	അട|പേസ്ട്രി|ഫില്ലിംഗ്
🍫	chocolate bar	bar|candy|chocolate|dessert|halloween|sweet|tooth	ചോക്ലേറ്റ് ബാർ	ചോക്കലേറ്റ്|ബാർ|ഭക്ഷണം|ഹോട്ടൽ
🍬	candy	cavities|dessert|halloween|restaurant|sweet|tooth|wrapper	കാൻഡി	ബേക്കറി|ഭക്ഷണം|ഹോട്ടൽ
🍭	lollipop	candy|dessert|food|restaurant|sweet	ലോലിപോപ്പ്	കാൻഡി|ബേക്കറി|ഭക്ഷണം|ഹോട്ടൽ
🍮	custard	dessert|pudding|sweet	കസ്റ്റാർഡ്	കസ്റ്റാഡ്|പുഡ്ഡിംഗ്|ഭക്ഷണം|ഹോട്ടൽ
🍯	honey pot	barrel|bear|food|honey|honeypot|jar|pot|sweet	തേൻപാത്രം	തേൻ|ഭക്ഷണം|ഹണി|ഹണി പോട്ട്|ഹോട്ടൽ
🍼	baby bottle	babies|baby|birth|born|bottle|drink|infant|milk|newborn	പാൽക്കുപ്പി	കുപ്പി|പാൽ|ബേബി ബോട്ടിൽ|മിൽക്ക് ബോട്ടിൽ
🥛	glass of milk	drink|glass|milk	പാൽ ഗ്ലാസ്സ്	ഗ്ലാസ്സ്|പാനീയം|പാൽ
☕	hot beverage	beverage|cafe|caffeine|chai|coffee|drink|hot|morning|steaming|tea	കാപ്പി	കട്ടൻകാപ്പി|കോഫി|ചായ|ചൂടുകാപ്പി|ചൂടുചായ|ചൂടുള്ള പാനീയം|ചൂട് പാനീയം
🫖	teapot	brew|drink|food|pot|tea	ടീപോട്ട്	ചായ|ചായപ്പാത്രം|പാനീയം|പോട്ട്
🍵	teacup without handle	beverage|cup|drink|handle|oolong|tea|teacup	കൈപ്പിടി ഇല്ലാത്ത ചായക്കപ്പ്	കപ്പ്|കൈപ്പിടിയില്ലാത്ത കപ്പ്|ചായ|ചായക്കപ്പ്|ചൂടുചായ|ഹോട്ടൽ
🍶	sake	bar|beverage|bottle|cup|drink|restaurant	സേക്ക്	കപ്പ്|പാനീയം|ബാർ|ബോട്ടിൽ
🍾	bottle with popping cork	bar|bottle|cork|drink|popping	മദിരോത്സവം	കോർക്ക്|ബാർ|മദ്യം|ഷാംപെയ്ൻ
🍷	wine glass	alcohol|bar|beverage|booze|club|drink|drinking|drinks|glass|restaurant|wine	വൈൻ ഗ്ലാസ്	ഗ്ലാസുകൾ|ഡ്രിങ്ക്|ബാർ|വീഞ്ഞ്|വൈൻ
🍸	cocktail glass	alcohol|bar|booze|club|cocktail|drink|drinking|drinks|glass|mad|martini|men	കോക്ക്ടെയിൽ ഗ്ലാസ്	കോക്ക് ടെയിൽ|കോക്ക്ടെയിൽ|ബാർ|മദ്യം
🍹	tropical drink	alcohol|bar|booze|club|cocktail|drink|drinking|drinks|drunk|mai|party|tai|tropical|tropics	ട്രോപ്പിക്കൽ ഡ്രിങ്ക്	ഡ്രിങ്ക്|ബാർ
🍺	beer mug	alcohol|ale|bar|beer|booze|drink|drinking|drinks|mug|octoberfest|oktoberfest|pint|stein|summer	ബിയർ ബഗ്	ബാർ|ബിയർ|ബിയർ ഗ്ലാസ്|ബിയർ മഗ്ഗ്|ബീർ|മഗ്
🍻	clinking beer mugs	alcohol|bar|beer|booze|bottoms|cheers|clink|clinking|drinking|drinks|mugs	പരസ്പരം തട്ടുന്ന ബിയർ മഗുകൾ	ബാർ|ബിയർ|ബിയർ ഗ്ലാസ്|ബീർ|മഗ്
🥂	clinking glasses	celebrate|clink|clinking|drink|glass|glasses	ഗ്ലാസ്സുകൾ കൂട്ടിമുട്ടിക്കൽ	ആഘോഷം|കൂട്ടിമുട്ടിക്കൽ|ഗ്ലാസ്സ്|പാനീയം
🥃	tumbler glass	glass|liquor|scotch|shot|tumbler|whiskey|whisky	ടംബ്ലർ ഗ്ലാസ്	ഗ്ലാസ്സ്|ടംബ്ലർ|മദ്യം|വിസ്ക്കി|സ്കോച്ച്
🫗	pouring liquid	accident|drink|empty|glass|liquid|oops|pour|pouring|spill|water	ദ്രാവകം ഒഴിക്കുന്നു	ഒഴിക്കുക|ഒഴിഞ്ഞത്|കുടിക്കുക|ഗ്ലാസ്|ജലം|തുളുമ്പുക|വെള്ളം|ശൂന്യം
🥤	cup with straw	cup|drink|juice|malt|soda|soft|straw|water	കപ്പും സ്ട്രോയും	ജ്യൂസ്|സോഡ
🧋	bubble tea	boba|bubble|food|milk|pearl|tea	ബബിൾ ടീ	ചായ|തായ്വാൻ|പാൽ|ബബിൾ
🧃	beverage box	beverage|box|juice|straw|sweet	ബിവറേജ് ബോക്സ്	ജ്യൂസ് ബോക്സ്
🧉	mate	drink	മെയ്റ്റ്	പാനീയം
🧊	ice	cold|cube|iceberg	ഐസ് ക്യൂബ്	തണുത്തത്|മഞ്ഞുമല
🥢	chopsticks	hashi|jeotgarak|kuaizi	ചോപ്പ്സ്റ്റിക്സ്	ചൈനീസ്|ന്യൂഡിൽസ്|ഹാഷി
🍽️	fork and knife with plate	cooking|dinner|eat|fork|knife|plate	കത്തിയും മുള്ളുമുള്ള പ്ലേറ്റ്	കത്തി|ഡൈനിംഗ് ടേബിൾ|പ്ലേറ്റ്|ഫോർക്കും പ്ലേറ്റും കത്തിയും|ഫോർക്ക്|മുള്ള്|ഹോട്ടൽ
🍴	fork and knife	breakfast|breaky|cooking|cutlery|delicious|dinner|eat|feed|food|fork|hungry|knife|lunch|restaurant|yum|yummy	കത്തിയും മുള്ളും	കത്തി|പാചകം|ഫോർക്കും കത്തിയും|ഫോർക്കും നൈഫും|ഫോർക്ക്|ഭക്ഷണം|മുള്ള്|ഹോട്ടൽ
🥄	spoon	eat|tableware	സ്പൂൺ	തവി
🔪	kitchen knife	chef|cooking|hocho|kitchen|knife|tool|weapon	കത്തി	ആയുധം|കറിക്കത്തി|പാചക കത്തി
🫙	jar	condiment|container|empty|nothing|sauce|store	ജാർ	ഒഴിഞ്ഞത്|ഡപ്പ|ഡപ്പി|ഭരണി|മരുന്ന്|മസാല|ശൂന്യം|സോസ്|സ്റ്റോർ
🏺	amphora	Aquarius|cooking|drink|jug|tool|weapon|zodiac	ആംഫെറ	ഉപകരണം|കുടം|കുംഭരാശി|ജഗ്|പാചകം|രാശി ചക്രം
🌍	globe showing Europe-Africa	Africa|earth|Europe|Europe-Africa|globe|showing|world	യൂറോപ്പ്-ആഫ്രിക്ക കാണിക്കുന്ന ഭൂഗോളം	ആഫ്രിക്ക|ഗ്ലോബ്|ഭൂഗോളം|ഭൂമി|യൂറോപ്പ്
🌎	globe showing Americas	Americas|earth|globe|showing|world	അമേരിക്ക കാണിക്കുന്ന ഭൂഗോളം	അമേരിക്ക|അമേരിക്കൻ|ഗ്ലോബ്|ഭൂഗോളം|ഭൂമി
🌏	globe showing Asia-Australia	Asia|Asia-Australia|Australia|earth|globe|showing|world	ഏഷ്യ-ഓസ്ട്രേലിയ കാണിക്കുന്ന ഭൂഗോളം	ആസ്ട്രേലിയ|ആസ്ത്രേലിയ|ഏഷ്യ|ഓസ്ത്രേലിയ|ഗ്ലോബ്|ഭൂഗോളം|ഭൂമി
🌐	globe with meridians	earth|globe|internet|meridians|web|world|worldwide	ധ്രുവരേഖകളുള്ള ഭൂഗോളം	ഗ്ലോബ്|ധ്രുവരേഖ|ഭൂഗോളം
🗺️	world map	map|world	ലോക മാപ്പ്	മാപ്പ്|ലോകം|വേൾഡ് മാപ്പ്
🗾	map of Japan	Japan|map	ജപ്പാന്റെ മാപ്പ്	ജപ്പാൻ|മാപ്പ്
🧭	compass	direction|magnetic|navigation|orienteering	കോമ്പസ്സ്	ഓറിയന്റീയറിംഗ്|നാവിഗേഷൻ|മാഗ്നെറ്റിക്
🏔️	snow-capped mountain	cold|mountain|snow|snow-capped	മഞ്ഞുമൂടിയ മലനിര	തണുപ്പ്|മഞ്ഞുമല|മഞ്ഞ്|മല
⛰️	mountain		മലനിര	മല
🛘	landslide	avalanche|danger|disaster|earthquake|mountain|mudslide|rocks	ഉരുൾപ്പൊട്ടൽ	അപകടം|ദുരന്തം|പർവ്വതം|പാറകൾ|ഭൂകമ്പം|ഹിമപാതം
🌋	volcano	eruption|mountain|nature	അഗ്നിപർവ്വതം	അഗ്നിപർവതം|സ്ഫോടനം
🗻	mount fuji	fuji|mount|mountain|nature	ഫുജി പർവ്വതം	ഫ്യൂജി|ഫ്യൂജി പർവ്വതം
🏕️	camping		ക്യാമ്പിംഗ്	ക്യാമ്പുചെയ്യുക
🏖️	beach with umbrella	beach|umbrella	കുടയുള്ള ബീച്ച്	കടൽ|കടൽത്തീരം|കുട|ബീച്ച്
🏜️	desert		മരുഭൂമി	
🏝️	desert island	desert|island	മരുദ്വീപ്	ദ്വീപ്|മരുപ്പച്ച|മരുഭൂമി
🏞️	national park	national|park	ദേശീയോദ്യാനം	ഉദ്യാനം|പാർക്ക്
🏟️	stadium		സ്റ്റേഡിയം	
🏛️	classical building	building|classical	പ്രാചീനമായ കെട്ടിടം	കെട്ടിടം|പുരാതന കെട്ടിടം|പ്രാചീന
🏗️	building construction	building|construction|crane	കെട്ടിട നിർമ്മാണം	കെട്ടിടം|നിർമ്മാണം
🧱	brick	bricks|clay|mortar|wall	ചുടുകട്ട	കളിമണ്ണ്|കുമ്മായം|ചുടുകട്ടകൾ|ചുമര്
🪨	rock	boulder|heavy|solid|stone|tough	പാറ	ഉരുളൻ കല്ല്|കല്ല്|ദൃഢമായത്|പാറക്കല്ല്|ഭാരമുള്ളത്
🪵	wood	log|lumber|timber	തടി	ഈർന്ന തടി|പണിത്തരമരം|മരം|മരത്തടി|മുറിത്തടി
🛖	hut	home|house|roundhouse|shelter|yurt	കുടിൽ	കൂടാരം|മറപ്പുര|വീട്
🏘️	houses	house	വീടുകൾ	കെട്ടിടം|വീട്
🏚️	derelict house	derelict|home|house	ആൾത്താമസം ഇല്ലാത്ത വീട്	ആൾപ്പാർപ്പില്ലാത്ത വീട്|കെട്ടിടം|വീട്
🏠	house	building|country|heart|home|ranch|settle|simple|suburban|suburbia|where	വീട്	കൺസ്ട്രക്ഷൻ|കെട്ടിടം|കെട്ടിട നിർമ്മാണം|ഭവനം|വീട് നിർമ്മാണം|ഹോം
🏡	house with garden	building|country|garden|heart|home|house|ranch|settle|simple|suburban|suburbia|where	പൂന്തോട്ടമുള്ള വീട്	പൂക്കൾ|പൂന്തോട്ടം|പ്രകൃതി|വീട്
🏢	office building	building|city|cubical|job|office	ഓഫീസ് കെട്ടിടം	ഓഫീസ്|കെട്ടിടം|ബിൽഡിംഗ്
🏣	Japanese post office	building|Japanese|office|post	ജാപ്പനീസ് പോസ്റ്റ് ഓഫീസ്	ഓഫീസ്|ജാപ്പനീസ്|തപാൽ
🏤	post office	building|European|office|post	പോസ്റ്റ് ഓഫീസ്	പോസ്റ്റ്|യൂറോപ്പ്യൻ പോസ്റ്റ് ഓഫീസ്|യൂറോപ്യൻ
🏥	hospital	building|doctor|medicine	ആശുപത്രി	മെഡിക്കൽ|ഹോസ്പിറ്റൽ
🏦	bank	building	ബാങ്ക്	പണം|സാമ്പത്തികം
🏨	hotel	building	ഹോട്ടൽ	ഭക്ഷണം
🏩	love hotel	building|hotel|love	ലവ് ഹോട്ടൽ	കെട്ടിടം
🏪	convenience store	24|building|convenience|hours|store	കൺവീനിയൻസ് സ്റ്റോർ	കൺവീനിയൻസ്|സ്റ്റോർ
🏫	school	building	സ്കൂൾ	സ്കൂൾ കെട്ടിടം
🏬	department store	building|department|store	ഡിപ്പാർട്ട്മെന്റ് സ്റ്റോർ	ഡിപ്പാർട്ടുമെന്റ്|സ്റ്റോർ
🏭	factory	building	ഫാക്ടറി	ഫാക്ടറി കെട്ടിടം
🏯	Japanese castle	building|castle|Japanese	ജപ്പാനീസ് കൊട്ടാരം	കെട്ടിടം|കോട്ട|ജപ്പാനീസ്
🏰	castle	building|European	കൊട്ടാരം	യൂറോപ്യൻ കൊട്ടാരം
💒	wedding	chapel|hitched|nuptials|romance	ക്രൈസ്തവ വിവാഹം	കല്യാണ പള്ളി|പള്ളി|വിവാഹം|റൊമാൻസ്
🗼	Tokyo tower	Tokyo|tower	ടോക്കിയോ ടവർ	ടവർ|ടോക്കിയോ
🗽	Statue of Liberty	liberty|Liberty|new|ny|nyc|statue|Statue|york	സ്വാതന്ത്ര്യ പ്രതിമ	സ്റ്റാച്യൂ ഓഫ് ലിബർട്ടി
⛪	church	bless|chapel|Christian|cross|religion	പള്ളി	ക്രിസ്ത്യൻ പള്ളി|ക്രിസ്ത്യാനി|പ്രാർത്ഥന
🕌	mosque	islam|masjid|Muslim|religion	മുസ്ലീം പള്ളി	ഇസ്ലാം പള്ളി|നിസ്ക്കാരം|മതം
🛕	hindu temple	hindu|temple	ഹിന്ദു ക്ഷേത്രം	ക്ഷേത്രം|ഹിന്ദു
🕍	synagogue	Jew|Jewish|judaism|religion|temple	ജൂതദേവാലയം	ജൂതപള്ളി|ജൂതമതം
⛩️	shinto shrine	religion|shinto|shrine	ജപ്പാനിലെ പൂർവ്വിക മത ദേവാലയം	ജപ്പാൻ|മതം|ഷിന്ടോ ദേവാലയം|ഷിന്റോ ഷ്രൈൻ
🕋	kaaba	hajj|islam|Muslim|religion|umrah	കഅബ	ഇസ്ലാമിക വിശ്വാസം|കാബാ|നിസ്ക്കാരം|മുസ്ലീം
⛲	fountain		ജലധാര	ജലധാരായന്ത്രം|ഫൗണ്ടെയിൻ
⛺	tent	camping	കൂടാരം	ക്യാമ്പിംഗ്
🌁	foggy	fog	മൂടികെട്ടിയ	മഞ്ഞ്|മൂടൽമഞ്ഞ്
🌃	night with stars	night|star|stars	നക്ഷത്രങ്ങൾ നിറഞ്ഞ രാത്രി	നക്ഷത്രം|നക്ഷത്രങ്ങൾ|രാത്രി
🏙️	cityscape	city	നഗരം	കെട്ടിടം|സിറ്റി
🌄	sunrise over mountains	morning|mountains|over|sun|sunrise	മലമുകളിലെ സൂര്യോദയം	പ്രഭാതം|മല|സൂര്യോദയം
🌅	sunrise	morning|nature|sun	സൂര്യോദയം	പ്രഭാതം|രാവിലെ
🌆	cityscape at dusk	at|building|city|cityscape|dusk|evening|landscape|sun|sunset	നഗരത്തിലെ സായാഹ്നം	അസ്തമയം|നഗരം|സായാഹ്നം|സൂര്യാസ്തമയം
🌇	sunset	building|dusk|sun	സൂര്യാസ്തമയം	അസ്തമയം|കെട്ടിടങ്ങൾ
🌉	bridge at night	at|bridge|night	പാലത്തിന്റെ നിശാദൃശ്യം	പാലം|രാത്രി
♨️	hot springs	hot|hotsprings|springs|steaming	ചൂടുറവകൾ	ഉറവ
🎠	carousel horse	carousel|entertainment|horse	യന്ത്രക്കുതിര	കറങ്ങും കുതിര|കറങ്ങുന്ന യന്ത്രകുതിര|കുതിര യന്ത്രം|സവാരി
🛝	playground slide	amusement|park|play|playground|playing|slide|sliding|theme	പ്ലേ ഗ്രൗണ്ട് സ്ലൈഡ്	അമ്യൂസ്മെന്റ്|കളി|കളിസ്ഥലം|തീം|പാർക്ക്|സ്ലൈഡിംഗ്|സ്ലൈഡ്
🎡	ferris wheel	amusement|ferris|park|theme|wheel	ഫെരിസ് വീൽ	അമ്യൂസ്മെന്റ്|തീം|പാർക്ക്|ഫെറീസ് വീൽ|യന്ത്രയൂഞ്ഞാൽ
🎢	roller coaster	amusement|coaster|park|roller|theme	റോളർ കോസ്റ്റർ	പാർക്ക്
💈	barber pole	barber|cut|fresh|haircut|pole|shave	ബാർബർ പോൾ	ബാർബർ|ബാർബർ കട|ബാർബർ ഷോപ്പ്|സലൂൺ
🎪	circus tent	circus|tent	സർക്കസ് കൂടാരം	കൂടാരം|സർക്കസ്
🚂	locomotive	caboose|engine|railway|steam|train|trains|travel	ലോക്കോമോട്ടീവ്	വാഹനം|സ്റ്റീം ലോക്കോമോട്ടീവ്
🚃	railway car	car|electric|railway|train|tram|travel|trolleybus	റെയിൽവേ കാർ	കാർ|കോച്ച്|വാഹനം|റെയിൽ കാർ|റെയിൽവേ
🚄	high-speed train	high-speed|railway|shinkansen|speed|train	അതിവേഗ ട്രെയിൻ	ട്രെയിൻ|വാഹനം|ഷിങ്കാസെൻ
🚅	bullet train	bullet|high-speed|nose|railway|shinkansen|speed|train|travel	ബുള്ളറ്റ് മൂക്കുള്ള അതിവേഗ ട്രെയിൻ	ട്രെയിൻ|ബുള്ളറ്റ് ട്രെയിൻ|വാഹനം|ഷിങ്കാസെൻ
🚆	train	arrived|choo|railway	ട്രെയിൻ	വാഹനം|റെയിൽവേ
🚇	metro	subway|travel	മെട്രോ	വാഹനം|സബ്വേ
🚈	light rail	arrived|light|monorail|rail|railway	ലൈറ്റ് റെയിൽ	ലൈറ്റ്|വാഹനം|റെയിൽ
🚉	station	railway|train	റെയിൽവേ സ്റ്റേഷൻ	ട്രെയിൻ|സ്റ്റേഷൻ
🚊	tram	trolleybus	ട്രാം	വാഹനം
🚝	monorail	vehicle	മോണോറെയിൽ	വാഹനം
🚞	mountain railway	car|mountain|railway|trip	പർവ്വത റെയിൽവേ	കാർ|പർവ്വതം|പർവ്വത കേബിൾ കാർ|വാഹനം|റെയിൽവേ
🚋	tram car	bus|car|tram|trolley|trolleybus	ട്രാം കാർ	കാർ|ട്രാം|വാഹനം
🚌	bus	school|vehicle	ബസ്	വാഹനം
🚍	oncoming bus	bus|cars|oncoming	വരുന്ന ബസ്	ബസ്|വാഹനം
🚎	trolleybus	bus|tram|trolley	ട്രോളി ബസ്	ട്രോളി|ബസ്|വാഹനം
🚐	minibus	bus|drive|van|vehicle	മിനിബസ്	ബസ്|വാഹനം
🚑	ambulance	emergency|vehicle	ആംബുലൻസ്	വാഹനം
🚒	fire engine	engine|fire|truck	ഫയർ എഞ്ചിൻ	എഞ്ചിൻ|ഫയർ|ഫയർ ട്രക്ക്|വാഹനം
🚓	police car	5–0|car|cops|patrol|police	പൊലീസ് കാർ	പട്രോൾ കാർ|പൊലീസ്|വാഹനം
🚔	oncoming police car	car|oncoming|police	വരുന്ന പൊലീസ് കാർ	പൊലീസ്|പൊലീസ് കാർ|വാഹനം
🚕	taxi	cab|cabbie|car|drive|vehicle|yellow	ടാക്സി	വാഹനം
🚖	oncoming taxi	cab|cabbie|cars|drove|hail|oncoming|taxi|yellow	വരുന്ന ടാക്സി	ടാക്സി|വാഹനം
🚗	automobile	car|driving|vehicle	ഓട്ടോമൊബൈൽ	കാർ|വാഹനം
🚘	oncoming automobile	automobile|car|cars|drove|oncoming|vehicle	വരുന്ന ഓട്ടോമൊബൈൽ	ഓട്ടോമൊബൈൽ|കാർ|വരുന്ന കാർ|വാഹനം
🚙	sport utility vehicle	car|drive|recreational|sport|sportutility|utility|vehicle	സ്പോർട്സ് യൂട്ടിലിറ്റി വാഹനം	ആർവി|കാർ|വാഹനം|റിക്രിയേഷണൽ വെഹിക്കിൾ|റീക്രിയേഷണൽ വെഹിക്കിൾ
🛻	pickup truck	automobile|car|flatbed|pick-up|pickup|transportation|truck	പിക്കപ്പ് ട്രക്ക്	ഗതാഗതം|ട്രക്ക്|പിക്കപ്പ്|പിക്ക്-അപ്പ്|വാഹനം
🚚	delivery truck	car|delivery|drive|truck|vehicle	ഡെലിവറി ട്രക്ക്	ട്രക്ക്|വാഹനം
🚛	articulated lorry	articulated|car|drive|lorry|move|semi|truck|vehicle	ആർട്ടിക്കുലേറ്റഡ് ലോറി	ട്രക്ക്|ട്രെയിലർ|ലോറി|വാഹനം|സെമി
🚜	tractor	vehicle	ട്രാക്റ്റർ	വാഹനം
🏎️	racing car	car|racing|zoom	റേസിംഗ് കാർ	കാർ|റേസിംഗ്
🏍️	motorcycle	racing	മോട്ടോർസൈക്കിൾ	ബൈക്ക്|റേസിംഗ്
🛵	motor scooter	motor|scooter	മോട്ടോർ സ്കൂട്ടർ	മോട്ടോർ|സ്കൂട്ടർ
🦽	manual wheelchair	accessibility|manual|wheelchair	മാന്വൽ വീൽചെയർ	ആക്സസബിലിറ്റി
🦼	motorized wheelchair	accessibility|motorized|wheelchair	മോട്ടോറൈസ്ഡ് വീൽചെയർ	ആക്സസബിലിറ്റി
🛺	auto rickshaw	auto|rickshaw|tuk	ഓട്ടോറിക്ഷ	ടക്ക് ടക്ക്
🚲	bicycle	bike|class|cycle|cycling|cyclist|gang|ride|spin|spinning	സൈക്കിൾ	വാഹനം
🛴	kick scooter	kick|scooter	കിക്ക് സ്കൂട്ടർ	കിക്ക്|സ്കൂട്ടർ
🛹	skateboard	board|skate|skater|wheels	സ്കേറ്റ്ബോർഡ്	ബോർഡ്
🛼	roller skate	blades|roller|skate|skates|sport	റോളർ സ്കേറ്റർ	സ്കേറ്റിംഗ്|സ്കേറ്റ്|റോളർ
🚏	bus stop	bus|busstop|stop	ബസ് സ്റ്റോപ്പ്	ബസ്|സ്റ്റോപ്പ്
🛣️	motorway	highway|road	മോട്ടോർവേ	ഹൈവേ|റോഡ്
🛤️	railway track	railway|track|train	റെയിൽവേ പാളം	ട്രെയിൻ|റെയിൽവേ ട്രാക്ക്
🛢️	oil drum	drum|oil	എണ്ണ പാത്രം	എണ്ണ|എണ്ണവീപ്പ|പാത്രം
⛽	fuel pump	diesel|fuel|fuelpump|gas|gasoline|pump|station	പെട്രോൾ പമ്പ്	ഇന്ധനം|ഗ്യാസ് സ്റ്റേഷൻ. പെട്രോൾ പമ്പ്|ഡീസൽ
🛞	wheel	car|circle|tire|turn|vehicle	ചക്രം	കാർ|ടയർ|തിരിയുക|വാഹനം|വീൽ|വൃത്തം|സ്റ്റിയറിംഗ്
🚨	police car light	alarm|alert|beacon|car|emergency|light|police|revolving|siren	പൊലീസ് വാഹനത്തിന്റെ ലൈറ്റ്	പൊലീസ്|പൊലീസ് വാഹനത്തിന്റെ ചുവന്ന ലൈറ്റ്|വാഹനം
🚥	horizontal traffic light	horizontal|intersection|light|signal|stop|stoplight|traffic	തിരശ്ചീന ട്രാഫിക്ക് ലൈഫ്	ജംഗ്ഷൻ|ട്രാഫിക്ക്|തിരശ്ചീന ട്രാഫിക്ക് ലൈറ്റ്|സിഗ്നൽ|സ്റ്റോപ്പ്
🚦	vertical traffic light	drove|intersection|light|signal|stop|stoplight|traffic|vertical	ലംബ ട്രാഫിക്ക് ലൈഫ്	ജംഗ്ഷൻ|ട്രാഫിക്ക്|ലംബമായ ട്രാഫിക്ക് ലൈറ്റ്|ലൈറ്റ്|സിഗ്നൽ
🛑	stop sign	octagonal|sign|stop	നിർത്താനുള്ള അടയാളം	അടയാളം|നിർത്തുക
🚧	construction	barrier	നിർമ്മാണ ചിഹ്നം	കൺസ്ട്രക്ഷൻ|നിർമ്മാണ സൈൻ|സൈൻ
⚓	anchor	ship|tool	നങ്കൂരം	ചിഹ്നം|സിംബൽ
🛟	ring buoy	buoy|float|life|lifesaver|preserver|rescue|ring|safety|save|saver|swim	റിംഗ് ബോയ്	നീന്തൽ|ഫ്ലോട്ട്|രക്ഷാപ്രവർത്തനം|രക്ഷിക്കൽ|ലൈഫ് സേവർ|സുരക്ഷ|സേവർ|റിംഗ്
⛵	sailboat	boat|resort|sailing|sea|yacht	പായ്ക്കപ്പൽ	കടൽ|ചങ്ങാടം|സെയിൽ ബോട്ട്|റിസോർട്ട്
🛶	canoe	boat	വള്ളം തുഴയൽ	തുഴയൽ|വള്ളം
🚤	speedboat	billionaire|boat|lake|luxury|millionaire|summer|travel	സ്പീഡ് ബോട്ട്	ബോട്ട്|വാഹനം
🛳️	passenger ship	passenger|ship	യാത്രക്കാർക്കുള്ള കപ്പൽ	വാഹനം
⛴️	ferry	boat|passenger	കടത്ത് വള്ളം	ബോട്ട്
🛥️	motor boat	boat|motor|motorboat	മോട്ടോർ ബോട്ട്	ബോട്ട്|വാഹനം
🚢	ship	boat|passenger|travel	കപ്പൽ	വാഹനം
✈️	airplane	aeroplane|fly|flying|jet|plane|travel	വിമാനം	വാഹനം
🛩️	small airplane	aeroplane|airplane|plane|small	ചെറുവിമാനം	വാഹനം|വിമാനം
🛫	airplane departure	aeroplane|airplane|check-in|departure|departures|plane	വിമാനത്തിന്റെ പുറപ്പെടൽ	ചെക്കിൻ|പുറപ്പെടലുകൾ|പുറപ്പെടൽ|വാഹനം|വിമാനം
🛬	airplane arrival	aeroplane|airplane|arrival|arrivals|arriving|landing|plane	വിമാനം എത്തിച്ചേരൽ	എത്തിച്ചേരലുകൾ|എത്തിച്ചേരുന്നു|ലാൻഡുചെയ്യുന്നു|വാഹനം|വിമാനം
🪂	parachute	hang-glide|parasail|skydive	പാരച്യൂട്ട്	പാരാസെയിൽ|സ്കൈഡൈവ്|ഹാംഗ്-ഗ്ലൈഡ്
💺	seat	chair	സീറ്റ്	കസേര
🚁	helicopter	copter|roflcopter|travel|vehicle	ഹെലികോപ്റ്റർ	വാഹനം
🚟	suspension railway	railway|suspension	സസ്പെൻഷൻ റെയിൽവേ	വാഹനം|സസ്പെൻഷൻ|റെയിൽവേ
🚠	mountain cableway	cable|cableway|gondola|lift|mountain|ski	പർവ്വത കേബിൾവേ	കേബിൾ|പർവ്വതം|വാഹനം
🚡	aerial tramway	aerial|cable|car|gondola|ropeway|tramway	ആകാശ ട്രാംവേ	ആകാശം|കേബിൾ|വാഹനം
🛰️	satellite	space	ഉപഗ്രഹം	ബഹിരാകാശം|വാഹനം
🚀	rocket	launch|rockets|space|travel	റോക്കറ്റ്	വാഹനം
🛸	flying saucer	aliens|extra|flying|saucer|terrestrial|UFO	പറക്കുംതളിക	തെളിവില്ലാത്ത പറക്കും വസ്തുക്കൾ
🛎️	bellhop bell	bell|bellhop|hotel	ബെൽഹോപ്പ് ബെൽ	ബെൽ|ഹോട്ടൽ
🧳	luggage	bag|packing|roller|suitcase|travel	ലഗേജ്	പാക്കിംഗ്|യാത്ര
⌛	hourglass done	done|hourglass|sand|time|timer	ഹവർ ഗ്ലാസ്സ്	മണൽ
⏳	hourglass not done	done|flowing|hourglass|hours|not|sand|timer|waiting|yolo	മണൽത്തരികൾ വീഴുന്ന ഹവർ ഗ്ലാസ്സ്	ടൈമർ|മണൽ|ഹവർ ഗ്ലാസ്സ്
⌚	watch	clock|time	വാച്ച്	ക്ലോക്ക്
⏰	alarm clock	alarm|clock|hours|hrs|late|time|waiting	അലാം ക്ലോക്ക്	അലാറം|ക്ലോക്ക്
⏱️	stopwatch	clock|time	സ്റ്റോപ്പ്വാച്ച്	ക്ലോക്ക്|സ്റ്റോപ്പ് വാച്ച്
⏲️	timer clock	clock|timer	ടൈമർ ക്ലോക്ക്	ക്ലോക്ക്|ടൈമർ
🕰️	mantelpiece clock	clock|mantelpiece|time	മാന്റൽപീസ് ക്ലോക്ക്	ക്ലോക്ക്
🕛	twelve o’clock	12|12:00|clock|o’clock|time|twelve	പന്ത്രണ്ട് മണി	12:00
🕧	twelve-thirty	12|12:30|30|clock|thirty|time|twelve	പന്ത്രണ്ട് മുപ്പത്	12:30|പന്ത്രണ്ടേ മുപ്പത്
🕐	one o’clock	1|1:00|clock|o’clock|one|time	ഒരു മണി	01:00
🕜	one-thirty	1|1:30|30|clock|one|thirty|time	ഒന്നുമുപ്പത്	1:30|ഒന്നേ മുപ്പത്
🕑	two o’clock	2|2:00|clock|o’clock|time|two	രണ്ട് മണി	02:00
🕝	two-thirty	2|2:30|30|clock|thirty|time|two	രണ്ടുമുപ്പത്	2:30|രണ്ടേ മുപ്പത്
🕒	three o’clock	3|3:00|clock|o’clock|three|time	മൂന്ന് മണി	03:00
🕞	three-thirty	3|3:30|30|clock|thirty|three|time	മൂന്ന്-മുപ്പത്	3:30|മൂന്നേ മുപ്പത്
🕓	four o’clock	4|4:00|clock|four|o’clock|time	നാലുമണി	04:00|നാല് മണി
🕟	four-thirty	30|4|4:30|clock|four|thirty|time	നാലുമുപ്പത്	4:30|നാലേ മുപ്പത്
🕔	five o’clock	5|5:00|clock|five|o’clock|time	അഞ്ച് മണി	05:00
🕠	five-thirty	30|5|5:30|clock|five|thirty|time	അഞ്ചുമുപ്പത്	5:30|അഞ്ചേ മുപ്പത്
🕕	six o’clock	6|6:00|clock|o’clock|six|time	ആറ് മണി	06:00
🕡	six-thirty	30|6|6:30|clock|six|thirty	ആറുമുപ്പത്	6:30|ആറേ മുപ്പത്
🕖	seven o’clock	0|7|7:00|clock|o’clock|seven	ഏഴ് മണി	07:00
🕢	seven-thirty	30|7|7:30|clock|seven|thirty	ഏഴുമുപ്പത്	7:30|ഏഴേ മുപ്പത്
🕗	eight o’clock	8|8:00|clock|eight|o’clock|time	എട്ടുമണി	08:00|എട്ട് മണി
🕣	eight-thirty	30|8|8:30|clock|eight|thirty|time	എട്ടുമുപ്പത്	8:30|എട്ടേ മുപ്പത്
🕘	nine o’clock	9|9:00|clock|nine|o’clock|time	ഒമ്പത് മണി	09:00
🕤	nine-thirty	30|9|9:30|clock|nine|thirty|time	ഒമ്പതുമുപ്പത്	9:30|ഒമ്പതേ മുപ്പത്
🕙	ten o’clock	0|10|10:00|clock|o’clock|ten	പത്ത് മണി	10:00
🕥	ten-thirty	10|10:30|30|clock|ten|thirty|time	പത്തുമുപ്പത്	10:30|പത്തേ മുപ്പത്
🕚	eleven o’clock	11|11:00|clock|eleven|o’clock|time	പതിനൊന്ന് മണി	11:00
🕦	eleven-thirty	11|11:30|30|clock|eleven|thirty|time	പതിനൊന്നുമുപ്പത്	11:30|പതിനൊന്നേ മുപ്പത്
🌑	new moon	dark|moon|new|space	അമാവാസി	കറുത്ത ചന്ദ്രൻ|കറുത്തവാവ്|ചന്ദ്രൻ
🌒	waxing crescent moon	crescent|dreams|moon|space|waxing	പൂർണ്ണത പ്രാപിക്കുന്ന ചന്ദ്രക്കല	ചന്ദ്രക്കല|ചന്ദ്രൻ
🌓	first quarter moon	first|moon|quarter|space	അർദ്ധ പൗർണ്ണമി	അർദ്ധചന്ദ്രൻ|ചന്ദ്രൻ
🌔	waxing gibbous moon	gibbous|moon|space|waxing	മായുന്ന ചന്ദ്രൻ	ചന്ദ്രക്കല
🌕	full moon	full|moon|space	പൂർണ്ണചന്ദ്രൻ	ചന്ദ്രൻ|പൗർണ്ണമി|വെളുത്തവാവ്
🌖	waning gibbous moon	gibbous|moon|space|waning	തെളിഞ്ഞുവരുന്ന ചന്ദ്രക്കല	ചന്ദ്രക്കല|ചന്ദ്രൻ|വളഞ്ഞ ചന്ദ്രൻ
🌗	last quarter moon	last|moon|quarter|space	അർദ്ധ അമാവാസി	ചന്ദ്രക്കല|ചന്ദ്രൻ|വളഞ്ഞ ചന്ദ്രൻ
🌘	waning crescent moon	crescent|moon|space|waning	വിളറിയ ചന്ദ്രൻ	ചന്ദ്രക്കല|ചന്ദ്രൻ|വളഞ്ഞ ചന്ദ്രൻ
🌙	crescent moon	crescent|moon|ramadan|space	ചന്ദ്രക്കല	ചന്ദ്രൻ|വളഞ്ഞ ചന്ദ്രൻ
🌚	new moon face	face|moon|new|space	അമാവാസി മുഖം	ചന്ദ്രക്കല|ചന്ദ്രൻ|വളഞ്ഞ ചന്ദ്രൻ
🌛	first quarter moon face	face|first|moon|quarter|space	അർദ്ധ പൗർണ്ണമി മുഖം	ചന്ദ്രൻ|പാദം|ഫസ്റ്റ് മൂൺ|ബഹിരാകാശം|മുഖം
🌜	last quarter moon face	dreams|face|last|moon|quarter	അർദ്ധ അമാവാസി മുഖം	ചന്ദ്രക്കല|ചന്ദ്രനിൽ മുഖം|ചന്ദ്രൻ
🌡️	thermometer	weather	തെർമോമീറ്റർ	അസുഖം|കാലാവസ്ഥ
☀️	sun	bright|rays|space|sunny|weather	സൂര്യൻ	വെയിൽ|വെളിച്ചം. കാലാവസ്ഥ|സൂര്യകിരണം
🌝	full moon face	bright|face|full|moon	പൂർണ്ണചന്ദ്രന്റെ മുഖം	ചന്ദ്രനിൽ മുഖം|ചന്ദ്രൻ|പൂർണ്ണചന്ദ്രൻ
🌞	sun with face	beach|bright|day|face|heat|shine|sun|sunny|sunshine|weather	സൂര്യനിൽ മുഖം	കടൽതീരം|കാലാവസ്ഥ|ചൂട്|തിളക്കം|തെളിഞ്ഞത്|പകൽ|മുഖം|വെയിൽ|സൂര്യൻ|സൂര്യപ്രകാശം
🪐	ringed planet	planet|ringed|saturn|saturnine	വളയങ്ങളുള്ള ഗ്രഹം	ശനി|ശനിഗ്രഹം
⭐	star	astronomy|medium|stars|white	വെള്ള നക്ഷത്രം	താരം|നക്ഷത്രം
🌟	glowing star	glittery|glow|glowing|night|shining|sparkle|star|win	തിളങ്ങുന്ന നക്ഷത്രം	ക്രിസ്മസ്|തിളക്കം|നക്ഷത്രം|മിന്നുന്ന നക്ഷത്രം
🌠	shooting star	falling|night|shooting|space|star	വാൽനക്ഷത്രം	നക്ഷത്രം|വീഴുന്ന നക്ഷത്രം
🌌	milky way	milky|space|way	ആകാശഗംഗ	മിൽക്കി വേ
☁️	cloud	weather	മേഘം	കാലാവസ്ഥ
⛅	sun behind cloud	behind|cloud|cloudy|sun|weather	മേഘങ്ങൾക്ക് പിന്നിലെ സൂര്യൻ	മേഘം|സൂര്യൻ|സൂര്യൻ മേഘാവൃതം
⛈️	cloud with lightning and rain	cloud|lightning|rain|thunder|thunderstorm	ഇടിമിന്നലും മഴയും	ഇടിമിന്നൽ|മഴ|മേഘം
🌤️	sun behind small cloud	behind|cloud|sun|weather	ചെറുമേഘങ്ങൾക്ക് പിന്നിലെ സൂര്യൻ	കാലാവസ്ഥ|മേഘം|മേഘങ്ങളും സൂര്യനും|സൂര്യൻ
🌥️	sun behind large cloud	behind|cloud|sun|weather	വലിയമേഘങ്ങൾക്ക് പിന്നിലെ സൂര്യൻ	കാലാവസ്ഥ|മേഘം|മേഘങ്ങളും സൂര്യനും|സൂര്യൻ
🌦️	sun behind rain cloud	behind|cloud|rain|sun|weather	മഴമേഘങ്ങൾക്ക് പിന്നിലെ സൂര്യൻ	കാലാവസ്ഥ|മഴ|മഴമേഘങ്ങൾ|മേഘം|സൂര്യൻ
🌧️	cloud with rain	cloud|rain|weather	മഴയും മേഘവും	കാലാവസ്ഥ|മഴ|മേഘം
🌨️	cloud with snow	cloud|cold|snow|weather	മഞ്ഞും മഴയും	കാലാവസ്ഥ|തണുപ്പ്|മഞ്ഞ്|മഴ|മേഘം
🌩️	cloud with lightning	cloud|lightning|weather	മിന്നലും മേഘവും	ഇടിയും മിന്നലും മഴയും|കാലാവസ്ഥ|മിന്നൽ|മേഘം
🌪️	tornado	cloud|weather|whirlwind	ചുഴലിക്കാറ്റ്	കാലാവസ്ഥ|മേഘം
🌫️	fog	cloud|weather	മൂടൽമഞ്ഞ്	കാലാവസ്ഥ|മഞ്ഞ്|മേഘം
🌬️	wind face	blow|cloud|face|wind	കാറ്റ്	കാലാവസ്ഥ|മേഘം|വിൻഡ് ഫേസ്
🌀	cyclone	dizzy|hurricane|twister|typhoon|weather	കൊടുങ്കാറ്റ്	ചുഴലിക്കാറ്റ്|ടൈഫൂൺ|സൈക്ലോൺ
🌈	rainbow	gay|genderqueer|glbt|glbtq|lesbian|lgbt|lgbtq|lgbtqia|nature|pride|queer|rain|trans|transgender|weather	മഴവില്ല്	മഴ
🌂	closed umbrella	closed|clothing|rain|umbrella	അടച്ച കുട	കുട|മഴ|വർഷക്കാലം
☂️	umbrella	clothing|rain	കുട	മഴ|വർഷക്കാലം|വെയിൽ
☔	umbrella with rain drops	clothing|drop|drops|rain|umbrella|weather	മഴത്തുള്ളികൾ വീഴുന്ന കുട	കുട|മഴ|മഴത്തുള്ളികൾ|വർഷക്കാലം
⛱️	umbrella on ground	ground|rain|sun|umbrella	തറയിൽ വച്ചിരിക്കുന്ന കുട	കാലാവസ്ഥ|കുട|വെയിൽ|സൂര്യൻ
⚡	high voltage	danger|electric|electricity|high|lightning|nature|thunder|thunderbolt|voltage|zap	ഉയർന്ന വോൾട്ടേജ്	അപായം|ഇടിമിന്നൽ
❄️	snowflake	cold|snow|weather	മഞ്ഞുകട്ട	കാലാവസ്ഥ|തണുപ്പ്|മഞ്ഞ്
☃️	snowman	cold|man|snow	മഞ്ഞുമനുഷ്യൻ	കാലാവസ്ഥ|തണുപ്പ്|മഞ്ഞ്
⛄	snowman without snow	cold|man|snow|snowman	മഞ്ഞില്ലാത്ത മഞ്ഞുമനുഷ്യൻ	തണുപ്പ്|മഞ്ഞുമനുഷ്യൻ|മഞ്ഞ്|സ്നോമാൻ
☄️	comet	space	ഉൽക്ക	ബഹിരാകാശം|വാൽനക്ഷത്രം
🔥	fire	af|burn|flame|hot|lit|litaf|tool	തീ	അഗ്നി|അഗ്നിബാധ|ജ്വാല|തീപിടുത്തം
💧	droplet	cold|comic|drop|nature|sad|sweat|tear|water|weather	തുള്ളി	കോമിക്ക്|തണുത്ത വിയർപ്പ്|മഞ്ഞ്|മഴത്തുള്ളി
🌊	water wave	nature|ocean|surf|surfer|surfing|water|wave	തിരമാല	കടൽ|കാലാവസ്ഥ|തരംഗം
🎃	jack-o-lantern	celebration|halloween|jack|lantern|pumpkin	ജാക്ക് ഓ ലാന്റേൺ	ആഘോഷം|മത്തങ്ങ|വിളക്കുകൂട്|ഹാളോവീൻ|റാന്തൽ
🎄	Christmas tree	celebration|Christmas|tree	ക്രിസ്മസ് ട്രീ	ആഘോഷം|ക്രിസ്മസ്|ക്രിസ്മസ് മരം|ട്രീ
🎆	fireworks	boom|celebration|entertainment|yolo	വെടിമരുന്ന്	ആഘോഷം|കരിമരുന്ന്|പടക്കം|ഫയർ വർക്ക്സ്
🎇	sparkler	boom|celebration|fireworks|sparkle	പൂത്തിരി	ആഘോഷം|കരിമരുന്ന്|പടക്കം|ഫയർ വർക്ക്സ്|വെടിമരുന്ന്
🧨	firecracker	dynamite|explosive|fire|fireworks|light|pop|popping|spark	പടക്കം	ഡൈനാമിറ്റ്|വെടിക്കെട്ട്|സ്ഫോടകവസ്തു
✨	sparkles	*|magic|sparkle|star	തിളങ്ങുന്നവ	തിളക്കം|തിളങ്ങുന്ന നക്ഷത്രങ്ങൾ
🎈	balloon	birthday|celebrate|celebration	ബലൂൺ	ആഘോഷം
🎉	party popper	awesome|birthday|celebrate|celebration|excited|hooray|party|popper|tada|woohoo	പാർട്ടി പോപ്പർ	ആഘോഷം|പാർട്ടി|പോപ്പർ
🎊	confetti ball	ball|celebrate|celebration|confetti|party|woohoo	കോൺഫെറ്റി ബോൾ	ആഘോഷം|കോൺഫെറ്റി|ബോൾ
🎋	tanabata tree	banner|celebration|Japanese|tanabata|tree	തനബത്ത മരം	ആഘോഷം|തനബത്ത ട്രീ|സ്റ്റാർ ഫെസ്റ്റിവൽ നക്ഷത്ര ആഘോഷം
🎍	pine decoration	bamboo|celebration|decoration|Japanese|pine|plant	അലങ്കരിച്ച പൈൻ മരം	ആഘോഷം|ജപ്പനീസ് പുതുവർഷം|പൈൻ അലങ്കാരം
🎎	Japanese dolls	celebration|doll|dolls|festival|Japanese	ജപ്പാനീസ് പാവകൾ	ആഘോഷം|ജപ്പാനീസ്|ജപ്പാൻ പാവകൾ
🎏	carp streamer	carp|celebration|streamer	കാർപ്പ് സ്ട്രീമർ	ആഘോഷം|സ്ട്രീമർ
🎐	wind chime	bell|celebration|chime|wind	കാറ്റുമണി	മണി
🎑	moon viewing ceremony	celebration|ceremony|moon|viewing	ചന്ദ്രനെ കാണൽ ആഘോഷം	ആഘോഷം|ചന്ദ്രൻ
🧧	red envelope	envelope|gift|good|hóngbāo|lai|luck|money|red|see	ചുവന്ന എൻവെലപ്പ്	ഗുഡ് ലക്ക്|ചുവന്ന എൻവലപ്പ്|പണം|ലായ് സീ|സമ്മാനം
🎀	ribbon	celebration	റിബൺ	ആഘോഷം|ഉത്സവം
🎁	wrapped gift	birthday|bow|box|celebration|christmas|gift|present|surprise|wrapped	സമ്മാനപ്പൊതി	ആഘോഷം|ഗിഫ്റ്റ്|സമ്മാനം
🎗️	reminder ribbon	celebration|reminder|ribbon	റിമൈൻഡർ റിബൺ	ആഘോഷം|റിബ്ബൺ|റിമൈൻഡർ
🎟️	admission tickets	admission|ticket|tickets	അഡ്മിഷൻ ടിക്കറ്റുകൾ	അഡ്മിഷൻ|ടിക്കറ്റ്
🎫	ticket	admission|stub	ടിക്കറ്റ്	നാടകം|സിനിമ
🎖️	military medal	award|celebration|medal|military	മിലിട്ടറി മെഡൽ	ആഘോഷം|മത്സരം|മിലിട്ടറി|മെഡൽ
🏆	trophy	champion|champs|prize|slay|sport|victory|win|winning	ട്രോഫി	കായികമത്സരം|മത്സരം|സമ്മാനം|സ്പോർട്സ്
🏅	sports medal	award|gold|medal|sports|winner	സ്പോർട്സ് മെഡൽ	മത്സരം|മെഡൽ|സ്പോർട്സ്
🥇	1st place medal	1st|first|gold|medal|place	ഒന്നാം സ്ഥാനമെഡൽ	ഒന്നാം സ്ഥാനം|മെഡൽ|സ്വർണ്ണം
🥈	2nd place medal	2nd|medal|place|second|silver	രണ്ടാം സ്ഥാനമെഡൽ	മെഡൽ|രണ്ടാം സ്ഥാനം|വെള്ളി
🥉	3rd place medal	3rd|bronze|medal|place|third	മൂന്നാം സ്ഥാനമെഡൽ	മൂന്നാം സ്ഥാനം|മെഡൽ|വെങ്കലം
⚽	soccer ball	ball|football|futbol|soccer|sport	ഫുട്ബോൾ	സ്പോർട്സ്
⚾	baseball	ball|sport	ബേസ്ബോൾ	സ്പോർട്സ്
🥎	softball	ball|glove|sports|underarm	സോഫ്റ്റ്ബോൾ	കക്ഷം|കൈയ്യുറ|ബോൾ
🏀	basketball	ball|hoop|sport	ബാസ്ക്കറ്റ്ബോൾ	ബാസ്കറ്റ് ബോളും വലയും|ബാസ്കറ്റ് ബോൾ|വല|സ്പോർട്സ്
🏐	volleyball	ball|game	വോളിബോൾ	ഗെയിം|ബോൾ
🏈	american football	american|ball|bowl|football|sport|super	അമേരിക്കൻ ഫുട്ബോൾ	അമേരിക്കൻ|ഫുട്ബോൾ|സ്പോർട്സ്
🏉	rugby football	ball|football|rugby|sport	റഗ്ബി ഫുട്ബോൾ	കായികം|സോക്കർ|സ്പോർട്സ്
🎾	tennis	ball|racquet|sport	ടെന്നീസ്	ടെന്നീസ് ബാറ്റും ബോളും|ടെന്നീസ് ബോൾ|ബാറ്റ്|സ്പോർട്സ്|റാക്കറ്റ്
🥏	flying disc	disc|flying|ultimate	ഫ്ലൈയിംഗ് ഡിസ്ക്	അൾട്ടിമേറ്റ്
🎳	bowling	ball|game|sport|strike	ബൗളിംഗ്	ബൗളിംഗ് അലേ|സ്നോ ബൗളിംഗ്
🏏	cricket game	ball|bat|cricket|game	ക്രിക്കറ്റ്	ഗെയിം|ബാറ്റ്|ബോൾ|സ്പോർട്സ്
🏑	field hockey	ball|field|game|hockey|stick	ഫീൽഡ് ഹോക്കി	ഗെയിം|ബോൾ|സ്റ്റിക്ക്|ഹോക്കി
🏒	ice hockey	game|hockey|ice|puck|stick	ഐസ് ഹോക്കി സ്റ്റിക്കും പക്കും	ഐസ് ഹോക്കി|ഗെയിം|പക്ക്|സ്റ്റിക്ക്|ഹോക്കി
🥍	lacrosse	ball|goal|sports|stick	ലാക്രോസ്	ഗോൾ|ബോൾ|സ്റ്റിക്ക്
🏓	ping pong	ball|bat|game|paddle|ping|pingpong|pong|table|tennis	പിംഗ് പോംഗ്	ഗെയിം|ടേബിൾ ടെന്നീസ്|പാഡിൽ|ബാറ്റ്|ബോൾ
🏸	badminton	birdie|game|racquet|shuttlecock	ബാഡ്മിന്റൺ	ഗെയിം|ഷട്ടിൽകോക്ക്
🥊	boxing glove	boxing|glove	ബോക്സിംഗ് ഗ്ലൗവ്	ഗ്ലൗവ്|ബോക്സിംഗ്|സ്പോർട്സ്
🥋	martial arts uniform	arts|judo|karate|martial|taekwondo|uniform	ആയോധനകലയ്ക്കുള്ള യൂണിഫോം	ആയോധനകല|കരാട്ടെ|കളരി|ജൂഡോ|യൂണിഫോം
🥅	goal net	goal|net	ഗോൾ നെറ്റ്	ഗോൾ|നെറ്റ്
⛳	flag in hole	flag|golf|hole|sport	കുത്തിനിർത്തിയിരിക്കുന്ന പതാക	കുഴിയിൽ പതാക|ഗോൾഫ് പതാക
⛸️	ice skate	ice|skate|skating	ഐസ് സ്കേറ്റ്	ഐസ്|ഐസ് സ്കേറ്റിംഗ്|സ്കേറ്റ്
🎣	fishing pole	entertainment|fish|fishing|pole|sport	ചൂണ്ടയും മീനും	ചൂണ്ട|മീൻ
🤿	diving mask	diving|mask|scuba|snorkeling	ഡൈവിംഗ് മാസ്ക്	ഡൈവിംഗ്|സ്കൂബ|സ്നോർകെലിംഗ്
🎽	running shirt	athletics|running|sash|shirt	വ്യായാമ വസ്ത്രം	ഓട്ടം|വ്യായാമം|സാഷുള്ള ഷർട്ട്
🎿	skis	ski|snow|sport	സ്കീ	ബൂട്ട്|സ്കീയിംഗ്|സ്പോർട്സ്
🛷	sled	luge|sledge|sleigh|snow|toboggan	സ്ലെഡ്	തെന്നുവണ്ടി|മഞ്ഞ്|സ്ലെഡ്ജ്
🥌	curling stone	curling|game|rock|stone	കർളിംഗ് സ്റ്റോൺ	കല്ല്|ഗെയിം
🎯	bullseye	bull|dart|direct|entertainment|game|hit|target	ഡയറക്റ്റ് ഹിറ്റ്	ഉന്നം|ഗെയിം|ബുൾ|ബുൾസ് ഐ|ലക്ഷ്യം
🪀	yo-yo	fluctuate|toy	യോ-യോ	ഇളകുക|കളിപ്പാട്ടം
🪁	kite	fly|soar	പട്ടം	ഉയരുക|പറക്കുക
🔫	water pistol	gun|handgun|pistol|revolver|tool|water|weapon	വാട്ടർ പിസ്റ്റൾ	ആയുധം|ഉപകരണം|കൈത്തോക്ക്|തോക്ക്|പിസ്റ്റൾ|വെള്ളം|റിവോൾവർ
🎱	pool 8 ball	8|8ball|ball|billiard|eight|game|pool	ബില്യാർഡ്സ്	ഗെയിം|ബില്യാർഡ്
🔮	crystal ball	ball|crystal|fairy|fairytale|fantasy|fortune|future|magic|tale|tool	ക്രിസ്റ്റൽ ബോൾ	ക്രിസ്റ്റൽ|ബോൾ|ഭാവി|ഭാവി പ്രവചനം
🪄	magic wand	magic|magician|wand|witch|wizard	മാന്ത്രികവടി	ഇന്ദ്രജാലം|മജീഷ്യൻ|മന്ത്രവാദി|മന്ത്രവാദിനി|മാജിക്|മായാവി
🎮	video game	controller|entertainment|game|video	വീഡിയോ ഗെയിം	കൺട്രോളർ|ഗെയിംസ്|വീഡിയോ ഗെയിം കൺട്രോളർ
🕹️	joystick	game|video|videogame	ജോയ്സ്റ്റിക്	ഗെയിം|വീഡിയോ ഗെയിം
🎰	slot machine	casino|gamble|gambling|game|machine|slot|slots	സ്ലോട്ട് മെഷീൻ	ഗെയിം
🎲	game die	dice|die|entertainment|game	ഗെയിം ഡൈ	ഗെയിം|ഡൈ|പകിട
🧩	puzzle piece	clue|interlocking|jigsaw|piece|puzzle	ജിഗ്സൊ	ഇന്റർലോക്കിംഗ്|കഷണം|ക്ലൂ|പസിൽ
🧸	teddy bear	bear|plaything|plush|stuffed|teddy|toy	ടെഡി ബെയർ	കളിക്കാനുള്ള വസ്തു|കളിപ്പാട്ടം|മൃദുവായതുണി|സ്റ്റഫ് ചെയ്തത്
🪅	piñata	candy|celebrate|celebration|cinco|de|festive|mayo|party|pinada|pinata	പിനാറ്റ	ആഘോഷം|പാർട്ടി|മെക്സിക്കൻ
🪩	mirror ball	ball|dance|disco|glitter|mirror|party	സ്ഫടിക ഗോളം	ഡാൻസ്|ഡിസ്കോ|തിളക്കം|നൃത്തം|പാർട്ടി|വിരുന്ന്
🪆	nesting dolls	babooshka|baboushka|babushka|doll|dolls|matryoshka|nesting|russia	നെസ്റ്റിംഗ് പാവകൾ	നെസ്റ്റിംഗ്|പാവ|റഷ്യ|റഷ്യൻ
♠️	spade suit	card|game|spade|suit	സ്പെയ്ഡ് സ്യൂട്ട്	കാർഡ്|ഗെയിം|സ്പെയ്ഡ്|സ്യൂട്ട്
♥️	heart suit	card|emotion|game|heart|hearts|suit	ഹാർട്ട് സ്യൂട്ട്	കാർഡ്|ഗെയിം|സ്യൂട്ട്|ഹാർട്ട്|ഹാർട്ട്സ്
♦️	diamond suit	card|diamond|game|suit	ഡയമണ്ട് സ്യൂട്ട്	കാർഡ്|ഗെയിം|ഡയമണ്ട്|ഡയമണ്ട്സ്|സ്യൂട്ട്
♣️	club suit	card|club|clubs|game|suit	ക്ലബ് സ്യൂട്ട്	കാർഡ്|ക്ലബ്|ക്ലബ്സ്|ഗെയിം|സ്യൂട്ട്
♟️	chess pawn	chess|dupe|expendable|pawn	ചതുരംഗത്തിലെ കാലാൾ	എക്സ്പെൻഡബിൾ|ചതുരംഗം|ഡ്യൂപ്പ്
🃏	joker	card|game|wildcard	ജോക്കർ	ചിഹ്നം|ചീട്ടുകെട്ട്|ചീട്ട്|ജോക്കർ കാർഡ്|സിംബൽ
🀄	mahjong red dragon	dragon|game|mahjong|red	മാഹ്ജോംഗ് റെഡ് ഡ്രാഗൺ	ടൈൽ|ഡ്രാഗൻ|മഹ്ജോംഗ്|മഹ്ജോംഗ് ചിഹ്നം|റെഡ് ഡ്രാഗൻ
🎴	flower playing cards	card|cards|flower|game|Japanese|playing	ഫ്ലവർ പ്ലേയിംഗ് കാർഡ്	ഗെയിം|പ്ലേയിംഗ് കാർഡ്|ഫ്ലവർ കാർഡ്
🎭	performing arts	actor|actress|art|arts|entertainment|mask|performing|theater|theatre|thespian	നാട്യകല	അനുഷ്ഠാന കല|നാടകം
🖼️	framed picture	art|frame|framed|museum|painting|picture	ചിത്രം	കല|പെയിന്റിംഗ്|ഫ്രെയിം ചെയ്ത പെയിന്റിംഗ്|മ്യൂസിയം
🎨	artist palette	art|artist|artsy|arty|colorful|creative|entertainment|museum|painter|painting|palette	ചായപ്പലക	ചിത്രം|പെയിന്റിംഗ്|പെയിന്റ്
🧵	thread	needle|sewing|spool|string	നൂൽ	ചരട്|തുന്നൽ|നൂൽ ചുറ്റുന്ന കുഴൽ|നെയ്ത്തുകുഴൽ|സൂചി
🪡	sewing needle	embroidery|needle|sew|sewing|stitches|sutures|tailoring|thread	തയ്യൽ സൂചി	എംബ്രോയിഡറി|ചിത്രത്തയ്യൽ|തയ്യൽ|തുന്നലുകൾ|തുന്നൽപ്പണി|ശസ്ത്രക്രിയാ തുന്നലുകൾ|സൂചി
🧶	yarn	ball|crochet|knit	ചണം	തുന്നൽപ്പണി|നെയ്യുക|ബോൾ
🪢	knot	cord|rope|tangled|tie|twine|twist	കെട്ട്	ഊരാക്കുടുക്ക്|കയർ|കുടുക്ക്|കെട്ടുപിണഞ്ഞ|ചരട്|നൂൽ|പിണച്ചിൽ
👓	glasses	clothing|eye|eyeglasses|eyewear	കണ്ണട	കണ്ണടകൾ|വസ്ത്രം|സൺ ഗ്ലാസ്സ്
🕶️	sunglasses	dark|eye|eyewear|glasses	സൺഗ്ലാസ്	കണ്ണട|കണ്ണടകൾ|കണ്ണ്|കറുപ്പ്
🥽	goggles	dive|eye|protection|scuba|swimming|welding	കണ്ണടകൾ	കണ്ണിന്റെ സുരക്ഷ|ഗോഗിൾസ്|നീന്തൽ|വെൽഡിംഗ്
🥼	lab coat	clothes|coat|doctor|dr|experiment|jacket|lab|scientist|white	ലാബ് കോട്ട്	ഡോക്ടർ|പരീക്ഷണം|ശാസ്ത്രജ്ഞൻ
🦺	safety vest	emergency|safety|vest	സുരക്ഷാ വസ്ത്രം	അടിയന്തിരസഹചര്യം|വസ്ത്രം|സുരക്ഷ
👔	necktie	clothing|employed|serious|shirt|tie	നെക്ക് ടൈ	ടൈ|വസ്ത്രം
👕	t-shirt	blue|casual|clothes|clothing|collar|dressed|shirt|shopping|tshirt|weekend	ടീഷർട്ട്	വസ്ത്രം|ഷർട്ട്
👖	jeans	blue|casual|clothes|clothing|denim|dressed|pants|shopping|trousers|weekend	ജീൻസ്	ട്രൗസർ|പാന്റ്സ്|വസ്ത്രം
🧣	scarf	bundle|cold|neck|up	സ്കാർഫ്	കഴുത്ത്|ഷാൾ
🧤	gloves	hand	കയ്യുറകൾ	കൈ
🧥	coat	brr|bundle|cold|jacket|up	കോട്ട്	ജാക്കറ്റ്
🧦	socks	stocking	സോക്സ്	കാലുറ
👗	dress	clothes|clothing|dressed|fancy|shopping	വസ്ത്രം	വൺ-പീസ്
👘	kimono	clothing|comfortable	കിമോണോ	ഡ്രസ്സ്|വസ്ത്രം
🥻	sari	clothing|dress	സാരി	വസ്ത്രം|സാരിയും ബ്ലൗസും
🩱	one-piece swimsuit	bathing|one-piece|suit|swimsuit	ഒറ്റ പീസ് നീന്തൽ വസ്ത്രം	ബാത്തിംഗ് സ്യൂട്ട്
🩲	briefs	bathing|one-piece|suit|swimsuit|underwear	അടിവസ്ത്രം	നീന്തൽ വസ്ത്രം|ബാത്തിംഗ് സ്യൂട്ട്|വൺ-പീസ്
🩳	shorts	bathing|pants|suit|swimsuit|underwear	ഷോർട്സ്	അടിവസ്ത്രം|പാന്റ്സ്|ബാത്തിംഗ് സ്യൂട്ട്
👙	bikini	bathing|beach|clothing|pool|suit|swim	ബിക്കിനി	നീന്തൽ വസ്ത്രം|വസ്ത്രം
👚	woman’s clothes	blouse|clothes|clothing|collar|dress|dressed|lady|shirt|shopping|woman|woman’s	സ്ത്രീകളുടെ വസ്ത്രം	വസ്ത്രം
🪭	folding hand fan	clack|clap|cool|cooling|dance|fan|flirt|flutter|folding|hand|hot|shy	വിശറി	ചൂട്|തണുപ്പിക്കൽ|നൃത്തം|പാറിപ്പറക്കുക|ഫാൻ|വെയിൽ|വേനൽ
👛	purse	clothes|clothing|coin|dress|fancy|handbag|shopping	പേഴ്സ്	കോയിൻ|നാണയം|വസ്ത്രം
👜	handbag	bag|clothes|clothing|dress|lady|purse|shopping	ഹാൻഡ് ബാഗ്	ബാഗ്|വസ്ത്രം
👝	clutch bag	bag|clothes|clothing|clutch|dress|handbag|pouch|purse	ക്ലച്ച് ബാഗ്	ബാഗ്|വസ്ത്രം
🛍️	shopping bags	bag|bags|hotel|shopping	ഷോപ്പിംഗ് ബാഗുകൾ	ബാഗ്|ഷോപ്പിംഗ്|ഹോട്ടൽ
🎒	backpack	backpacking|bag|bookbag|education|rucksack|satchel|school	സ്കൂൾ ബാഗ്	ബാഗ്|സഞ്ചി|സ്കൂൾ
🩴	thong sandal	beach|flip|flop|sandal|sandals|shoe|thong|thongs|zōri	വള്ളിച്ചെരുപ്പ്	ചെരുപ്പുകൾ|ചെരുപ്പ്|ജപ്പാനിലെ ഒരുതരം ചെരിപ്പ്|പാദരക്ഷ|ബീച്ച് ചെരുപ്പുകൾ|വള്ളിച്ചെരുപ്പുകൾ|വാർച്ചെരുപ്പ്|വാറുകൾ
👞	man’s shoe	brown|clothes|clothing|feet|foot|kick|man|man’s|shoe|shoes|shopping	പുരുഷന്മാരുടെ ഷൂ	വസ്ത്രം|ഷൂ
👟	running shoe	athletic|clothes|clothing|fast|kick|running|shoe|shoes|shopping|sneaker|tennis	അത്ലറ്റിക് ഷൂ	അത്ലെറ്റിക്|വസ്ത്രം|ഷൂ|സ്നീക്കർ
🥾	hiking boot	backpacking|boot|brown|camping|hiking|outdoors|shoe	ഹൈക്കിംഗ് ബൂട്ട്	ക്യാമ്പിംഗ്|ബാക്ക്പാക്കിംഗ്|ബൂട്ട്|ഹൈക്കിംഗ്
🥿	flat shoe	ballet|comfy|flat|flats|shoe|slip-on|slipper	ഫ്ലാറ്റ് ഷൂ	ബാലറ്റ് ഫ്ലാറ്റ്|സ്ലിപ്പർ|സ്ലിപ്പ്-ഓൺ
👠	high-heeled shoe	clothes|clothing|dress|fashion|heel|heels|high-heeled|shoe|shoes|shopping|stiletto|woman	ഹൈ ഹീൽ ഷൂ	വസ്ത്രം|ഷൂ|സ്ത്രീ|ഹീൽ
👡	woman’s sandal	clothing|sandal|shoe|woman|woman’s	സ്ത്രീകളുടെ ചെരുപ്പ്	പാദരക്ഷ|വനിത|വസ്ത്രം|വിമൻസ് സാൻഡൽ|ഷൂ|സാൻഡൽ
🩰	ballet shoes	ballet|dance|shoes	ബാലേ ഷൂസ്	നൃത്തം|ബാലെ
👢	woman’s boot	boot|clothes|clothing|dress|shoe|shoes|shopping|woman|woman’s	സ്ത്രീകളുടെ ബൂട്ട്	പാദരക്ഷ|ബൂട്ട്|വനിത|വസ്ത്രം|വിമൻസ് ബൂട്ട്
🪮	hair pick	Afro|comb|groom|hair|pick	ചീപ്പ്	ആഫ്രോ|ചീപ്പിന്റെ പല്ല്|ബ്രഷ്|മുടി
👑	crown	clothing|family|king|medieval|queen|royal|royalty|win	കിരീടം	രാജാവ്|രാജ്ഞി|വസ്ത്രം
👒	woman’s hat	clothes|clothing|garden|hat|hats|party|woman|woman’s	സ്ത്രീകളുടെ തൊപ്പി	തൊപ്പി|വനിതാ ഹാറ്റ്|വസ്ത്രം|സ്ത്രീ|ഹാറ്റ്
🎩	top hat	clothes|clothing|fancy|formal|hat|magic|top|tophat	തൊപ്പി	ക്യാപ്പ്|ടോപ്പ്|വസ്ത്രം|ഹാറ്റ്
🎓	graduation cap	cap|celebration|clothing|education|graduation|hat|scholar	ബിരുദ ക്യാപ്പ്	ആഘോഷം|ക്യാപ്പ്|ഗ്രാജ്യുവേഷൻ ക്യാപ്പ്|ബിരുദം|ബിരുദദാന തൊപ്പി|വസ്ത്രം|ഹാറ്റ്
🧢	billed cap	baseball|bent|billed|cap|dad|hat	കളിക്കാരുടെ തൊപ്പി	ബേസ്ബോൾ തൊപ്പി
🪖	military helmet	army|helmet|military|soldier|war|warrior	മിലിറ്ററി ഹെൽമെറ്റ്	പട്ടാളക്കാരൻ|മിലിറ്ററി|യോദ്ധാവ്|സൈന്യം|ഹെൽമെറ്റ്
⛑️	rescue worker’s helmet	aid|cross|face|hat|helmet|rescue|worker’s	വെളുത്ത കുരിശുള്ള ഹെൽമെറ്റ്	കുരിശ്|പരിരക്ഷ|മുഖം|ഹെൽമെറ്റ്
📿	prayer beads	beads|clothing|necklace|prayer|religion	ജപമാല	നെക്ക്ലേസ്|പ്രാർത്ഥന|മണികൾ|മതം|വസ്ത്രം
💄	lipstick	cosmetics|date|makeup	ലിപ്സ്റ്റിക്ക്	കോസ്മെറ്റിക്സ്|മെയ്ക്കപ്പ്|സൗന്ദര്യം
💍	ring	diamond|engaged|engagement|married|romance|shiny|sparkling|wedding	മോതിരം	എൻഗേജ്മെന്റ് റിംഗ്|പ്രണയം|റിംഗ്|റൊമാൻസ്
💎	gem stone	diamond|engagement|gem|jewel|money|romance|stone|wedding	വൈരക്കല്ല്	ഡയമണ്ട്|പ്രണയം|വജ്രം|വൈരം|റൊമാൻസ്
🔇	muted speaker	mute|muted|quiet|silent|sound|speaker	സ്പീക്കർ ഓഫ്	സംസാരം പാടില്ല|സംസാരിക്കരുത്
🔈	speaker low volume	low|soft|sound|speaker|volume	കുറഞ്ഞ ശബ്ദമുള്ള സ്പീക്കർ	ലൗഡ്സ്പീക്കർ
🔉	speaker medium volume	medium|sound|speaker|volume	അധികം ഉച്ചത്തിലല്ലാത്ത ശബ്ദമുള്ള സ്പീക്കർ	അധികം ഉച്ചത്തിലല്ലാത്ത ശബ്ദം
🔊	speaker high volume	high|loud|music|sound|speaker|volume	ഉച്ചത്തിൽ ശബ്ദമുള്ള സ്പീക്കർ	ഉച്ചത്തിലുള്ള ശബ്ദം
📢	loudspeaker	address|communication|loud|public|sound	ലൗഡ് സ്പീക്കർ	ആശയവിനിമയം|ഉച്ചഭാഷിണി|പ്രസംഗം
📣	megaphone	cheering|sound	മെഗാഫോൺ	ആശയവിനിമയം
📯	postal horn	horn|post|postal	പോസ്റ്റൽ ഹോൺ	പോസ്റ്റ്|ഹോൺ
🔔	bell	break|church|sound	മണി	പള്ളി|ബെൽ
🔕	bell with slash	bell|forbidden|mute|no|not|prohibited|quiet|silent|slash|sound	മണി ശബ്ദം പാടില്ല	ബെൽ പാടില്ല|ബെല്ലിൽ വെട്ട്
🎼	musical score	music|musical|note|score	മ്യൂസിക് സ്കോർ	സംഗീതം|സ്കോർ
🎵	musical note	music|musical|note|sound	മ്യൂസിക്ക് നോട്ട്	മ്യൂസിക്ക്|സംഗീതം
🎶	musical notes	music|musical|note|notes|sound	മ്യൂസിക്ക് നോട്ടുകൾ	മ്യൂസിക്ക്|സംഗീതം
🎙️	studio microphone	mic|microphone|music|studio	സ്റ്റുഡിയോ മൈക്രോഫോൺ	മൈക്ക്|മൈക്രോഫോൺ|മ്യൂസിക്ക്|സംഗീതം|സ്റ്റുഡിയോ
🎚️	level slider	level|music|slider	ലെവൽ സൈഡർ	മ്യൂസിക്ക്|ലെവൽ സ്ലൈഡർ|ലെവെൽ|സംഗീതം|സ്ലൈഡർ
🎛️	control knobs	control|knobs|music	കൺട്രോൾ നോബുകൾ	കൺട്രോൾ|നോബ്സ്|മ്യൂസിക്ക്|സംഗീതം
🎤	microphone	karaoke|mic|music|sing|sound	മൈക്രോഫോൺ	കരോക്കെ|പാട്ട്|മൈക്ക്
🎧	headphone	earbud|sound	ഹെഡ്ഫോൺ	സംഗീതം
📻	radio	entertainment|tbt|video	റേഡിയോ	വീഡിയോ
🎷	saxophone	instrument|music|sax	സാക്സഫോൺ	സംഗീതം|സംഗീതോപകരണം
🎺	trumpet	instrument|music	ട്രംപറ്റ്	കാഹളം|കീബോർഡ്|ട്രമ്പറ്റ്|സംഗീതം|സംഗീതോപകരണം
🪊	trombone	brass|instrument|jazz|music|sad|slide	ട്രൊംബോൺ	ജാസ്|ദുഖം|പിച്ചള|വാദ്യോപകരണം|സംഗീതം|സ്ലൈഡ്
🪗	accordion	box|concertina|instrument|music|squeeze|squeezebox	അക്കോർഡിയൻ	കൺസർട്ടീന|സംഗീതം|സംഗീതോപകരണം|സ്ക്വീസ് ബോക്സ്
🎸	guitar	instrument|music|strat	ഗിറ്റാർ	സംഗീതം|സംഗീതോപകരണം
🎹	musical keyboard	instrument|keyboard|music|musical|piano	മ്യൂസിക്കൽ കീബോർഡ്	കീബോർഡ്|പിയാനോ|സംഗീതം|സംഗീതോപകരണം
🎻	violin	instrument|music	വയലിൻ	കീബോർഡ്|സംഗീതം|സംഗീതോപകരണം
🪕	banjo	music|stringed	ബാഞ്ചോ	തന്ത്രികൾ ഉള്ളത്|മ്യൂസിക്
🥁	drum	drumsticks|music	ചെണ്ട	ചെണ്ടക്കോൽ|ശബ്ദം
🪘	long drum	beat|conga|drum|instrument|long|rhythm	മദ്ദളം	കൊട്ട്|കോംഗ|താളം|പെരുമ്പറ|സംഗീതോപകരണം
🪇	maracas	cha|dance|instrument|music|party|percussion|rattle|shake|shaker	മാരക്കാസ്	ഉപകരണം|കിലുക്കം|കിലുക്കി|കുലുക്കുക|കൊട്ടുവാദ്യം|നൃത്തം|സംഗീതം
🪈	flute	band|fife|flautist|instrument|marching|music|orchestra|piccolo|pipe|recorder|woodwind	ഓടക്കുഴൽ	കുഴൽവാദ്യം|പുല്ലാങ്കുഴൽ|ഫ്ലൂട്ട്|സംഗീതം|റെക്കോർഡർ
🪉	harp	cupid|instrument|love|music|orchestra	കിന്നരം	ഓർക്കസ്ട്ര|സംഗീതം|സംഗീതോപകരണം|ഹാർപ്പ്
📱	mobile phone	cell|communication|mobile|phone|telephone	മൊബൈൽ ഫോൺ	ആശയവിനിമയം|ഫോൺ|മൊബൈൽ|സെൽ ഫോൺ
📲	mobile phone with arrow	arrow|build|call|cell|communication|mobile|phone|receive|telephone	അമ്പടയാളമുള്ള മൊബൈൽ	കോൾ ചെയ്യുക|ഫോൺ|മൊബൈൽ|വിളിക്കുക
☎️	telephone	phone	ടെലിഫോൺ	ഫോൺ
📞	telephone receiver	communication|phone|receiver|telephone|voip	ടെലിഫോൺ റിസീവർ	ടെലിഫോൺ|ഫോൺ|മൊബൈൽ|റിസീവർ
📟	pager	communication	പേജർ	ആശയവിനിമയം
📠	fax machine	communication|fax|machine	ഫാക്സ് മെഷീൻ	ആശയവിനിമയം|ഫാക്സ്
🔋	battery		ബാറ്ററി	ചാർജ്
🪫	low battery	battery|drained|electronic|energy|low|power	ബാറ്ററി കുറവ്	ഇലക്ട്രോണിക്|താഴ്ന്ന ബാറ്ററി|പവറില്ല|ബാറ്ററി|ബാറ്ററി ഇല്ല|ബാറ്ററി തീർന്നു
🔌	electric plug	electric|electricity|plug	ഇലക്ട്രിക് പ്ലഗ്	പ്ലഗ്
💻	laptop	computer|office|pc|personal	ലാപ്ടോപ്പ് കമ്പ്യൂട്ടർ	പിസി|പേഴ്സണൽ|പേഴ്സണൽ കമ്പ്യൂട്ടർ|ലാപ്ടോപ്പ്
🖥️	desktop computer	computer|desktop|monitor	ഡെസ്ക്ടോപ്പ് കമ്പ്യൂട്ടർ	കമ്പ്യൂട്ടർ|ഡെസ്ക്ക്ടോപ്പ്|ഡെസ്ക്ടോപ്പ് കമ്പ്യൂട്ടർ മോണിറ്റർ
🖨️	printer	computer	പ്രിന്റർ	കമ്പ്യൂട്ടർ
⌨️	keyboard	computer	കീബോർഡ്	കമ്പ്യൂട്ടർ
🖱️	computer mouse	computer|mouse	കമ്പ്യൂട്ടർ മൗസ്	കമ്പ്യൂട്ടർ|ബട്ടൺ|മൗസ്
🖲️	trackball	computer	ട്രാക്ക്ബോൾ	കമ്പ്യൂട്ടർ
💽	computer disk	computer|disk|minidisk|optical	മിനി ഡിസ്ക്ക്	എംഡി|ഒപ്റ്റിക്കൽ|കമ്പ്യൂട്ടർ|ഡിസ്ക്ക്
💾	floppy disk	computer|disk|floppy	ഫ്ലോപ്പി ഡിസ്ക്ക്	ഡിസ്ക്ക്|ഫ്ലോപ്പി
💿	optical disk	blu-ray|CD|computer|disk|dvd|optical	ഒപ്റ്റിക്കൽ ഡിസ്ക്	ഒപ്റ്റിക്കൽ ഡിസ്ക്ക്|ഡിവിഡി|ഡിസ്ക്ക്|ബ്ലൂ-റേ|സിഡി
📀	dvd	Blu-ray|cd|computer|disk|DVD|optical	ഡിവിഡി	ഡിസ്ക്ക്|സിഡി
🧮	abacus	calculation|calculator	അബാക്കസ്	കണക്കുകൂട്ടൽ
🎥	movie camera	bollywood|camera|cinema|film|hollywood|movie|record	മൂവി ക്യാമറ	ക്യാമറ|മൂവി|വിനോദം|സിനിമ
🎞️	film frames	cinema|film|frames|movie	ഫിലിം ഫ്രെയിമുകൾ	ചലച്ചിത്രം|ഫിലിം|സിനിമ|സിനിമ ഫ്രെയിമുകൾ
📽️	film projector	cinema|film|movie|projector|video	ഫിലിം പ്രൊജക്റ്റർ	ചലച്ചിത്രം|പ്രൊജക്റ്റർ|ഫിലിം|വീഡിയോ|സിനിമ
🎬	clapper board	action|board|clapper|movie	ക്ലാപ്പർ ബോർഡ്	ഷൂട്ടിംഗ്|സിനിമ
📺	television	tv|video	ടെലിവിഷൻ	ടിവി|വീഡിയോ
📷	camera	photo|selfie|snap|tbt|trip|video	ക്യാമറ	ഫോട്ടോ|വീഡിയോ
📸	camera with flash	camera|flash|video	ഫ്ലാഷുള്ള ക്യാമറ	ക്യാമറ|ഫ്ലാഷ്|വീഡിയോ
📹	video camera	camcorder|camera|tbt|video	വീഡിയോ ക്യാമറ	ക്യാമറ|വീഡിയോ|വെബ് കാം
📼	videocassette	old|school|tape|vcr|vhs|video	വീഡിയോ കാസറ്റ്	കാസറ്റ്|ടേപ്പ്|വീഡിയോ
🔍	magnifying glass tilted left	glass|lab|left|left-pointing|magnifying|science|search|tilted|tool	ഇടത്തേക്ക് പോയിന്റ് ചെയ്യുന്ന ഭൂതക്കണ്ണാടി	ഉപകരണം|കണ്ണാടി|ഭൂതക്കണ്ണാടി
🔎	magnifying glass tilted right	contact|glass|lab|magnifying|right|right-pointing|science|search|tilted|tool	വലത്തേക്ക് പോയിന്റ് ചെയ്യുന്ന ഭൂതക്കണ്ണാടി	ഉപകരണം|കണ്ണാടി|ഭൂതക്കണ്ണാടി
🕯️	candle	light	മെഴുകുതിരി	വെളിച്ചം
💡	light bulb	bulb|comic|electric|idea|light	ബൾബ്	ഇലക്ട്രിക്ക്|ഒരു ആശയമുണ്ട്|കോമിക്ക്|ലൈറ്റ് ബൾബ്|വെളിച്ചം
🔦	flashlight	electric|light|tool|torch	ടോർച്ച്	ഇലക്ട്രിക് ടോർച്ച്|പ്രകാശം|വെളിച്ചം
🏮	red paper lantern	bar|lantern|light|paper|red|restaurant	റാന്തൽ വിളക്ക്	ഇസകയ|ചുവന്ന റാന്തൽ
🪔	diya lamp	diya|lamp|light|oil	ദിയാ വിളക്ക്	എണ്ണ|ചിരാത്|ദിയാ|വിളക്ക്
📔	notebook with decorative cover	book|cover|decorated|decorative|education|notebook|school|writing	ഭംഗിയുള്ള കവറുള്ള നോട്ട്ബുക്ക്	അലങ്കരിച്ച നോട്ട് ബുക്ക്|അലങ്കാരമുള്ള നോട്ട് ബുക്ക്|ഭംഗിയുള്ള കവർ
📕	closed book	book|closed|education	അടഞ്ഞ പുസ്തകം	അടച്ച പുസ്തകം|പുസ്തകം
📖	open book	book|education|fantasy|knowledge|library|novels|open|reading	തുറന്ന പുസ്തകം	പുസ്തകം
📗	green book	book|education|fantasy|green|library|reading	പച്ച പുസ്തകം	പുസ്തകം|ലൈബ്രറി
📘	blue book	blue|book|education|fantasy|library|reading	നീല പുസ്തകം	പുസ്തകം
📙	orange book	book|education|fantasy|library|orange|reading	ഓറഞ്ച് പുസ്തകം	പുസ്തകം
📚	books	book|education|fantasy|knowledge|library|novels|reading|school|study	പുസ്തകങ്ങൾ	പുസ്തകം
📓	notebook		നോട്ട്ബുക്ക്	നോട്ട് ബുക്ക്
📒	ledger	notebook	ലെഡ്ജർ	നോട്ട് ബുക്ക്
📃	page with curl	curl|document|page|paper	ചുരുണ്ട പേജ്	ഡോക്യുമെന്റ്
📜	scroll	paper	പേപ്പർ സ്ക്രോൾ	സ്ക്രോൾ
📄	page facing up	document|facing|page|paper|up	ഒരു കോണിൽ മടക്കുള്ള പേജ്	ഡോക്യുമെന്റ്|മൂല മടക്കിയ പേജ്
📰	newspaper	communication|news|paper	പത്രം	ന്യൂസ് പേപ്പർ|വർത്തമാനപത്രം
🗞️	rolled-up newspaper	news|newspaper|paper|rolled|rolled-up	ചുരുളാക്കിയ പത്രം	ന്യൂസ് പേപ്പർ|പത്രം|പത്ര ചുരുൾ|വർത്തമാനപത്രം
📑	bookmark tabs	bookmark|mark|marker|tabs	ബുക്ക്മാർക്ക് ടാബുകൾ	ടാബ്|ബുക്ക്മാർക്ക്|മാർക്കർ
🔖	bookmark	mark	ബുക്ക്മാർക്ക്	
🏷️	label	tag	ലേബൽ	
🪙	coin	dollar|euro|gold|metal|money|rich|silver|treasure	നാണയം	കോയിൻ|ഡോളർ|നിധി|പണം|യൂറോ|ലോഹം|വെള്ളി|സ്വർണ്ണം
💰	money bag	bag|bank|bet|billion|cash|cost|dollar|gold|million|money|moneybag|paid|paying|pot|rich|win	പണ ബാഗ്	പണം|ബാഗ്|രൂപാ ബാഗ്
🪎	treasure chest	gem|gold|jewels|loot|money|prize|silver|valuables|wealth	നിധി പേടകം	ആഭരണങ്ങൾ|കൊള്ള മുതൽ|പണം|മൂല്യമുള്ള വസ്തുക്കൾ|രത്നം|വെള്ളി|സമ്പത്ത്|സമ്മാനം|സ്വർണ്ണം
💴	yen banknote	bank|banknote|bill|currency|money|note|yen	യെൻ ബാങ്ക് നോട്ട്	നോട്ട്|പണം. ബിൽ|ബാങ്ക് നോട്ട്|യെൻ
💵	dollar banknote	bank|banknote|bill|currency|dollar|money|note	ഡോളർ ബാങ്ക് നോട്ട്	ഡോളർ|നോട്ട്|പണം|ബാങ്ക് നോട്ട്|ബിൽ
💶	euro banknote	100|bank|banknote|bill|currency|euro|money|note|rich	യൂറോ ബാങ്ക് നോട്ട്	നോട്ട്|പണം|ബാങ്ക് നോട്ട്|ബിൽ|യൂറോ
💷	pound banknote	bank|banknote|bill|billion|cash|currency|money|note|pound|pounds	പൗണ്ട് ബാങ്ക് നോട്ട്	പണം|പൗണ്ട്|പൗണ്ട് നോട്ട്|ബാങ്ക് നോട്ട്
💸	money with wings	bank|banknote|bill|billion|cash|dollar|fly|million|money|note|pay|wings	ചിറകുള്ള പണം	ചിറകുള്ള ബാങ്ക് നോട്ടുകൾ|നോട്ട്|പണം|പറക്കുന്ന പണം|പറക്കുന്ന ബാങ്ക് നോട്ട്|ബാങ്ക്
💳	credit card	bank|card|cash|charge|credit|money|pay	ക്രെഡിറ്റ് കാർഡ്	കാർഡ്|ക്രെഡിറ്റ്
🧾	receipt	accounting|bookkeeping|evidence|invoice|proof	രസീത്	അക്കൗണ്ടിംഗ്|തെളിവ്|തെളിവ് രേഖ|ബുക്ക് സൂക്ഷിക്കൽ
💹	chart increasing with yen	bank|chart|currency|graph|growth|increasing|market|money|rise|trend|upward|yen	മാർക്കറ്റ് ഉയർച്ച	ചാർട്ട്|മാർക്കറ്റ്|മുകളിലേക്കുള്ള ചാർട്ട്|മുകളിലേക്ക്
✉️	envelope	e-mail|email|letter	എൻവലപ്പ്	ഇമെയിൽ
📧	e-mail	email|letter|mail	ഇമെയിൽ	ആശയവിനിമയം|ചിഹ്നം|മെയിൽ|സിംബൽ
📨	incoming envelope	delivering|e-mail|email|envelope|incoming|letter|mail|receive|sent	ഇൻകമിംഗ് എൻവലപ്പ്	ആശയവിനിമയം|ഇൻകമിംഗ്|ഇമെയിൽ|മെയിൽ
📩	envelope with arrow	arrow|communication|down|e-mail|email|envelope|letter|mail|outgoing|send|sent	അമ്പടയാളമുള്ള എൻവലപ്പ്	ആശയവിനിമയം|ഇമെയിൽ|ഔട്ട്ഗോയിംഗ്|മെയിൽ
📤	outbox tray	box|email|letter|mail|outbox|sent|tray	ഔട്ട്ബോക്സ് ട്രേ	അയച്ചു|ആശയവിനിമയം|ഔട്ട്ബോക്സ്|മെയിൽ
📥	inbox tray	box|email|inbox|letter|mail|receive|tray|zero	ഇൻബോക്സ് ട്രേ	ആശയവിനിമയം|ഇൻബോക്സ്|മെയിൽ|സ്വീകരിച്ചു
📦	package	box|communication|delivery|parcel|shipping	പാഴ്സൽ	ഗിഫ്റ്റ്|പാക്കേജ്
📫	closed mailbox with raised flag	closed|communication|flag|mail|mailbox|postbox|raised	മുകളിലേക്കുള്ള ഫ്ലാഗ് കാണിക്കുന്ന അടഞ്ഞ മെയിൽബോക്സ്	തപാൽ പെട്ടി|മെയിൽബോക്സ്
📪	closed mailbox with lowered flag	closed|flag|lowered|mail|mailbox|postbox	താഴേക്കുള്ള ഫ്ലാഗ് കാണിക്കുന്ന അടഞ്ഞ മെയിൽബോക്സ്	തപാൽ പെട്ടി|മെയിൽബോക്സ്
📬	open mailbox with raised flag	flag|mail|mailbox|open|postbox|raised	മുകളിലേക്കുള്ള ഫ്ലാഗ് കാണിക്കുന്ന തുറന്ന മെയിൽബോക്സ്	തപാൽ പെട്ടി|മെയിൽബോക്സ്
📭	open mailbox with lowered flag	flag|lowered|mail|mailbox|open|postbox	താഴേക്കുക്കുള്ള ഫ്ലാഗ് കാണിക്കുന്ന തുറന്ന മെയിൽബോക്സ്	തപാൽ പെട്ടി|മെയിൽബോക്സ്
📮	postbox	mail|mailbox	തപാൽ പെട്ടി	പോസ്റ്റ് ബോക്സ്
🗳️	ballot box with ballot	ballot|box	ബാലറ്റ് പെട്ടിയും ബാലറ്റും	പെട്ടി|ബാലറ്റ്
✏️	pencil		പെൻസിൽ	വരയ്ക്കൽ
✒️	black nib	black|nib|pen	കറുത്ത നിബ്ബ്	നിബ്|പെൻ|പേന
🖋️	fountain pen	fountain|pen	ഫൗണ്ടൻ പേന	പെൻ|പേന|ഫൗണ്ടൻ
🖊️	pen	ballpoint	പേന	ബോൾ പേന|ബോൾപോയന്റ്
🖌️	paintbrush	painting	പെയിന്റ് ബ്രഷ്	പെയിന്റിംഗ്
🖍️	crayon		ക്രയോൺ	
📝	memo	communication|media|notes|pencil	മെമ്മോ	ആശയവിനിമയം|കമ്മ്യൂണിക്കേഷൻ|പെൻസിൽ|മെമോ|മെമ്മോ ബുക്ക്
💼	briefcase	office	ബ്രീഫ്കേസ്	
📁	file folder	file|folder	ഫയൽ ഫോൾഡർ	ഫയൽ|ഫോൾഡർ
📂	open file folder	file|folder|open	തുറന്ന ഫയൽ ഫോൾഡർ	തുറക്കുക|തുറന്ന ഫോൾഡർ|ഫയൽ|ഫോൾഡർ
🗂️	card index dividers	card|dividers|index	കാർഡ് ഇൻഡക്സ് ഡിവൈഡറുകൾ	ഇൻഡക്സ്|കാർഡ്|ഡിവൈഡറുകൾ
📅	calendar	date	കലണ്ടർ	തീയതി
📆	tear-off calendar	calendar|tear-off	കീറിക്കളയാവുന്ന കലണ്ടർ	കലണ്ടർ|കീറിയ കലണ്ടർ
🗒️	spiral notepad	note|notepad|pad|spiral	സ്പൈറൽ നോട്ട്പാഡ്	നോട്ട്|പാഡ്|സ്പൈറൽ
🗓️	spiral calendar	calendar|pad|spiral	സ്പൈറൽ കലണ്ടർ	കലണ്ടർ|പാഡ്|സ്പൈറൽ
📇	card index	card|index|old|rolodex|school	കാർഡ് ഇൻഡക്സ്	ഇൻഡക്സ്|റോളോഡെക്സ്
📈	chart increasing	chart|data|graph|growth|increasing|right|trend|up|upward	മുകളിലേക്കുള്ള ചാർട്ട്	ഗ്രാഫ്|ചാർട്ട്|മുകളിലേക്കുള്ള ട്രെൻഡ്|മുകളിലേക്കുള്ള ട്രെൻഡ് ചാർട്ട്|മുകളിലേക്ക്
📉	chart decreasing	chart|data|decreasing|down|downward|graph|negative|trend	താഴേക്കുള്ള ചാർട്ട്	ഗ്രാഫ്|ചാർട്ട്|താഴേക്കുള്ള ട്രെൻഡ്|താഴേക്കുള്ള ട്രെൻഡ് ചാർട്ട്|താഴേക്ക്
📊	bar chart	bar|chart|data|graph	ബാർ ചാർട്ട്	ചാർട്ട്|ബാർ ഗ്രാഫ്
📋	clipboard	do|list|notes	ക്ലിപ്ബോർഡ്	ക്ലിപ് ബോർഡ്
📌	pushpin	collage|pin	പുഷ് പിൻ	പിൻ|പുഷ്പിൻ
📍	round pushpin	location|map|pin|pushpin|round	റൗണ്ട് പുഷ് പിൻ	പിൻ|പുഷ്പിൻ
📎	paperclip		പേപ്പർ ക്ലിപ്പ്	ക്ലിപ്പ്|പേപ്പർക്ലിപ്പ്
🖇️	linked paperclips	link|linked|paperclip|paperclips	കോർത്തിരിക്കുന്ന പേപ്പർ ക്ലിപ്പുകൾ	പേപ്പർ ക്ലിപ്പ്|ലിങ്ക്
📏	straight ruler	angle|edge|math|ruler|straight|straightedge	സ്കെയിൽ	റൂളർ
📐	triangular ruler	angle|math|rule|ruler|set|slide|triangle|triangular	ട്രയാംഗിൾ റൂളർ	സ്കെയിൽ
✂️	scissors	cut|cutting|paper|tool	കത്രിക	ഉപകരണം
🗃️	card file box	box|card|file	കാർഡ് ഫയൽ ബോക്സ്	കാർഡ്|ഫയൽ|ബോക്സ്
🗄️	file cabinet	cabinet|file|filing|paper	ഫയൽ കാബിനെറ്റ്	കാബിനെറ്റ്|ഫയൽ
🗑️	wastebasket	can|garbage|trash|waste	ചവറ്റുകുട്ട	ചവറ്|വെയിസ്റ്റ് ബാസ്ക്കറ്റ്
🔒	locked	closed|lock|private	പൂട്ട്	
🔓	unlocked	cracked|lock|open|unlock	തുറന്ന പൂട്ട്	തുറന്ന ലോക്ക്|ലോക്ക്
🔏	locked with pen	ink|lock|locked|nib|pen|privacy	പൂട്ടും പേനയും	പൂട്ടും ഇങ്ക് പേനയും|സുരക്ഷ
🔐	locked with key	bike|closed|key|lock|locked|secure	പൂട്ടും താക്കോലും	താക്കഌ|പൂട്ടും കീയും|പൂട്ട്|ലോക്ക്|സുരക്ഷ
🔑	key	keys|lock|major|password|unlock	താക്കോൽ	ചാവി|രഹസ്യവാക്ക്
🗝️	old key	clue|key|lock|old	പഴയ താക്കോൽ	കീ|താക്കോൽ|തെളിവ്|പഴയത്|പൂട്ട്|ലോക്ക്|സൂചന
🔨	hammer	home|improvement|repairs|tool	ചുറ്റിക	ഉപകരണം
🪓	axe	ax|chop|hatchet|split|wood	കോടാലി	ചെറുകോടാലി|തടി|പിളർപ്പ്|മുറിക്കുക
⛏️	pick	hammer|mining|tool	പിക്ക്	ഉപകരണം|കുഴിക്കുക
⚒️	hammer and pick	hammer|pick|tool	ചുറ്റികയും പിക്കും	ഉപകരണം|ചുറ്റിക|പിക്ക്
🛠️	hammer and wrench	hammer|spanner|tool|wrench	ചുറ്റികയും റെഞ്ചും	ഉപകരണം|ചുറ്റിക|റെഞ്ച്
🗡️	dagger	knife|weapon	വാൾ	ആയുധം|കത്തി
⚔️	crossed swords	crossed|swords|weapon	കുറുകെയുള്ള വാളുകൾ	ആയുധം|കുറുകെയുള്ളത്|വാളുകൾ
💣	bomb	boom|comic|dangerous|explosion|hot	ബോംബ്	കോമിക്ക്
🪃	boomerang	rebound|repercussion|weapon	ബൂമറാങ്	പൂർവസ്ഥിതിയിലേക്ക് തിരിച്ചുവരൽ|പൂവസ്ഥിതി പ്രാപിക്കുക|ബൂമറാംഗ്
🏹	bow and arrow	archer|archery|arrow|bow|Sagittarius|tool|weapon|zodiac	അമ്പും വില്ലും	അമ്പ്|ആയുധം|ഉപകരണം|ധനുരാശി|രാശിചക്രം|വില്ല്
🛡️	shield	weapon	ഷീൽഡ്	ആയുധം
🪚	carpentry saw	carpenter|carpentry|cut|lumber|saw|tool|trim	മരപ്പണി വാൾ	അറക്കവാൾ|പണിയായുധം|മര ഉരുപ്പടി|മരാശാരി
🔧	wrench	home|improvement|spanner|tool	റെഞ്ച്	ഉപകരണം
🪛	screwdriver	flathead|handy|screw|tool	സ്ക്രൂഡ്രൈവർ	ടൂൾ|പണിയായുധം|സ്ക്രൂ|സ്ക്രൂ ഡ്രൈവർ
🔩	nut and bolt	bolt|home|improvement|nut|tool	നട്ടും ബോൾട്ടും	ഉപകരണം|നട്ട്|ബോൾട്ട്
⚙️	gear	cog|cogwheel|tool	ഗിയർ	ഉപകരണം
🗜️	clamp	compress|tool|vice	ക്ലാമ്പ്	ഉപകരണം
⚖️	balance scale	balance|justice|Libra|scale|scales|tool|weight|zodiac	തുലാസ്	ഉപകരണം|തുലനം|നീതി|ഭാരം|രാശിചക്രം|ലിബ്ര|സോഡിയാക്ക്|സ്കെയിൽ
🦯	white cane	accessibility|blind|cane|probing|white	പ്രോബിംഗ് കാൻ	അന്ധർ|ആക്സസബിലിറ്റി|കാഴ്ച വൈകല്യം|പ്രോബിംഗ് കെയ്ൻ
🔗	link	links	ലിങ്ക്	ലിങ്ക് ചിഹ്നം|സിംബൽ
⛓️‍💥	broken chain	break|breaking|broken|chain|cuffs|freedom	പൊട്ടിയ ചങ്ങല	ചങ്ങല|പൊട്ടുക|പൊട്ടുന്നു|വിലങ്ങ്|സ്വാതന്ത്ര്യം
⛓️	chains	chain	ചെയിൻ	ചങ്ങല
🪝	hook	catch|crook|curve|ensnare|point|selling	കൊളുത്ത്	കെണിവെച്ച് പിടിക്കുക|ചൂണ്ട|ചൂണ്ടക്കൊളുത്ത്|പിടുത്തം|മീൻ പിടുത്തം|വളവ്|വിൽപ്പന കേന്ദ്രം
🧰	toolbox	box|chest|mechanic|red|tool	ടൂൾബോക്സ്	ടൂൾ|മെക്കാനിക്|വലിയ പെട്ടി
🧲	magnet	attraction|horseshoe|magnetic|negative|positive|shape|u	കാന്തം	ആകർഷണം|കാന്തികം|കുതിരലാടം
🪜	ladder	climb|rung|step	കോണി	കയറുക|കോണിപ്പടി|ഗോവണി|പടി
🪏	shovel	bury|dig|garden|hole|plant|scoop|snow|spade	ഷവൽ	കോരിക|മൺകോരി|മണ്ണുകോരി|ഷവ്വൽ
⚗️	alembic	chemistry|tool	അലെംബിക്	ഉപകരണം|കെമിസ്ട്രി|രസതന്ത്രം
🧪	test tube	chemist|chemistry|experiment|lab|science|test|tube	ടെസ്റ്റ് ട്യൂബ്	പരീക്ഷണം|രസതന്ത്രം|രസതന്ത്രശാസ്ത്രജ്ഞൻ|ലാബ്|സയൻസ്
🧫	petri dish	bacteria|biologist|biology|culture|dish|lab|petri	പെട്രി ഡിഷ്	ജീവശാസ്ത്രം|ജീവശാസ്ത്രജ്ഞൻ|ബാക്ടീരിയ|ലാബ്|സംസ്ക്കാരം
🧬	dna	biologist|evolution|gene|genetics|life	ഡിഎൻഎ	ജനിതകശാസ്ത്രം|ജീൻ|ജീവൻ|ജീവശാസ്ത്രജ്ഞൻ|പരിണാമം
🔬	microscope	experiment|lab|science|tool	മൈക്രോസ്കോപ്പ്	ഉപകരണം
🔭	telescope	contact|extraterrestrial|science|tool	ടെലസ്കോപ്പ്	ഉപകരണം|ടെലിസ്കോപ്പ്
📡	satellite antenna	aliens|antenna|contact|dish|satellite|science	സാറ്റലൈറ്റ് ആന്റിന	ആന്റിന|ആശയവിനിമയം|ടിവി ആന്റിന|ഡിഷ്|സാറ്റലൈറ്റ്
💉	syringe	doctor|flu|medicine|needle|shot|sick|tool|vaccination	സിറിഞ്ച്	കുത്തിവയ്പ്പ്|ഡോക്ടർ|മരുന്ന്|സൂചി
🩸	drop of blood	bleed|blood|donation|drop|injury|medicine|menstruation	രക്തത്തുള്ളി	ആർത്തവം|മരുന്ന്|രക്തദാനം
💊	pill	doctor|drugs|medicated|medicine|pills|sick|vitamin	ഗുളിക	ഡോക്ടർ|പിൽ|മരുന്ന്
🩹	adhesive bandage	adhesive|bandage	ഒട്ടിക്കുന്ന ബാൻഡേജ്	ബാൻഡേജ്
🩼	crutch	aid|cane|disability|help|hurt|injured|mobility|stick	ഊന്നുവടി	അംഗഭംഗം|ക്ഷതം|ദണ്ഡ്|പ്രയാണ സഹായം|ഭിന്നശേഷി|വടി|വൈകല്യം|സഹായം
🩺	stethoscope	doctor|heart|medicine	സ്റ്റെതസ്കോപ്പ്	ഡോക്ടർ|മരുന്ന്|ഹൃദയം
🩻	x-ray	bones|doctor|medical|skeleton|skull|xray	എക്സ്റേ	അസ്ഥികൂടം|എക്സ്-റേ|എല്ലുകൾ|ഡോക്ടർ|തലയോട്ടി|മെഡിക്കൽ
🚪	door	back|closet|front	വാതിൽ	
🛗	elevator	accessibility|hoist|lift	എലവേറ്റർ	ആക്സസബിലിറ്റി|പൊക്കുക|ലിഫ്റ്റ്
🪞	mirror	makeup|reflection|reflector|speculum	കണ്ണാടി	പ്രതിഫലനം|മെയ്ക്കപ്പ്|ലോഹക്കണ്ണാടി|റിഫ്ലക്റ്റർ
🪟	window	air|frame|fresh|opening|transparent|view	ജനൽ	ജാലകം|ദർശനം|ഫ്രെയിം|ശുദ്ധ വായു|സുതാര്യം
🛏️	bed	hotel|sleep	ബെഡ്	ഉറക്കം|ഹോട്ടൽ
🛋️	couch and lamp	couch|hotel|lamp	കിടക്കയും വിളക്കും	കിടക്ക|വിളക്ക്|ഹോട്ടൽ
🪑	chair	seat|sit	കസേര	ഇരിക്കുക|സീറ്റ്
🚽	toilet	bathroom	ടോയ്ലറ്റ്	
🪠	plunger	cup|force|plumber|poop|suction|toilet	പ്ലഞ്ചർ	പ്ലംബർ|ഫോഴ്സ് കപ്പ്|വലിച്ചെടുക്കൽ|ശുചിമുറി
🚿	shower	water	ഷവർ	കുളി|വെള്ളം
🛁	bathtub	bath	ബാത്ത് ടബ്	കുളി
🪤	mouse trap	bait|cheese|lure|mouse|mousetrap|snare|trap	എലിപ്പെട്ടി	എലിക്കെണി|കെണി|വല|വശീകരണം
🪒	razor	sharp|shave	റേസർ	കൂർത്തത്|ക്ഷൗരം ചെയ്യുക
🧴	lotion bottle	bottle|lotion|moisturizer|shampoo|sunscreen	ലോഷൻ ബോട്ടിൽ	മോയ്ച്ചുറൈസർ|ലോഷൻ|ഷാമ്പൂ|സൺസ്ക്രീൻ
🧷	safety pin	diaper|pin|punk|rock|safety	സേഫ്റ്റി പിൻ	ഡയപ്പർ|പങ്ക് റോക്ക്
🧹	broom	cleaning|sweeping|witch	ചൂൽ	അടിച്ചുവാരൽ|മന്ത്രവാദിനി|വൃത്തിയാക്കൽ
🧺	basket	farming|laundry|picnic	കുട്ട	അലക്കുശാല|കൃഷി|പിക്നിക്
🧻	roll of paper	paper|roll|toilet|towels	പേപ്പർ റോൾ	ടോയ്ലെറ്റ് പേപ്പർ|പേപ്പർ ടവൽ
🪣	bucket	cask|pail|vat	ബക്കറ്റ്	ചെരുവം|തൊട്ടി|പാത്രം|വീപ്പ
🧼	soap	bar|bathing|clean|cleaning|lather|soapdish	സോപ്പ്	കുളിക്കൽ|ബാർ|വൃത്തിയാക്കൽ|സോപ്പുപത|സോപ്പ്ഡിഷ്
🫧	bubbles	bubble|burp|clean|floating|pearl|soap|underwater	കുമിളകൾ	ഉരുളൻ കല്ല്|ഏമ്പക്കം|ബബിൾ|മുത്തുമണി|വൃത്തിയാക്കുക|വെള്ളത്തിനടിയിൽ|സോപ്പ്|സ്വപ്നം
🪥	toothbrush	bathroom|brush|clean|dental|hygiene|teeth|toiletry	പല്ലുതേക്കാനുള്ള ബ്രഷ്	കുളിമുറി|ടൂത്ത്ബ്രഷ്|ഡൻറൽ|പല്ലുകൾ|പല്ലുതേപ്പ്|ബ്രഷ്|വൃത്തിയാക്കുക|ശുചിത്വം
🧽	sponge	absorbing|cleaning|porous|soak	സ്പോഞ്ച്	ആഗിരണം ചെയ്യൽ|വൃത്തിയാക്കൽ|സുഷിരം
🧯	fire extinguisher	extinguish|extinguisher|fire|quench	അഗ്നിശമനോപകരണം	എക്സിറ്റിങ്ക്വിഷ്|തീ|ശമിപ്പിക്കുക
🛒	shopping cart	cart|shopping|trolley	ഷോപ്പിംഗ് കാർട്ട്	കാർട്ട്|ട്രോളി|ഷോപ്പിംഗ്
🚬	cigarette	smoking	പുകവലി ചിഹ്നം	പുകവലി സിംബൽ
⚰️	coffin	dead|death|vampire	ശവപ്പെട്ടി	മരണം|ശവം
🪦	headstone	cemetery|dead|grave|graveyard|memorial|rip|tomb|tombstone	കല്ലറക്കല്ല്	കല്ലറ|കുഴമാടക്കല്ല്|കുഴിമാടം|കുഴിമാടക്കല്ല്|മരണം|ശവകുടീരം|ശ്മശാനം|സെമിത്തേരി
⚱️	funeral urn	ashes|death|funeral|urn	ചിതാഭസ്മം	മരണം|ശവ സംസ്ക്കാരം
🧿	nazar amulet	amulet|bead|blue|charm|evil-eye|nazar|talisman	കണ്ണ് തട്ടാതിരിക്കാനുള്ള മന്ത്രത്തകിട്	ആകർഷണശക്തി|തകിട്|ദൃഷ്ടി ദോഷം|മുത്ത്
🪬	hamsa	amulet|Fatima|fortune|guide|hand|Mary|Miriam|palm|protect|protection	രക്ഷ	ഏലസ്|കൈ|കൈപ്പത്തി|പരിരക്ഷ|പരിശുദ്ധ|ഭാഗ്യം|മറിയം|മേരി|സംരക്ഷണം
🗿	moai	face|moyai|statue|stoneface|travel	മോയായ്	പ്രതിമ|മുഖം
🪧	placard	card|demonstration|notice|picket|plaque|protest|sign	വിളംബരകാർഡ്	അടയാളം|അറിയിപ്പ്|കുത്തിയിരുപ്പ് സമരം|ചിഹ്നം|പ്രകടനം|പ്രതിഷേധം|പ്രതീകം
🪪	identification card	card|credentials|document|ID|identification|license|security	തിരിച്ചറിയൽ കാർഡ്	ഐഡന്റിഫിക്കേഷൻ|ഐഡി|ഐഡി കാർഡ്|ഡോക്യുമെന്റ്|രേഖ|ലൈസൻസ്|വിശ്വാസപത്രങ്ങൾ|സുരക്ഷിതത്വം
🏧	ATM sign	ATM|automated|bank|cash|money|sign|teller	ATM ചിഹ്നം	ടെല്ലർ മെഷീൻ
🚮	litter in bin sign	bin|litter|litterbin|sign	ചവറുകൾ, ചവറ്റുകുട്ടയിൽ നിക്ഷേപിക്കുക	ചവർ ഇടേണ്ടിടത്ത് ഇടുക|ചവറുകൾ|ചവറ്റുകുട്ടയിൽ നിക്ഷേപിക്കുക|ഡസ്റ്റ് ബിൻ
🚰	potable water	drinking|potable|water	കുടിവെള്ളം	പാനം|വെള്ളം
♿	wheelchair symbol	access|handicap|symbol|wheelchair	വീൽചെയർ ചിഹ്നം	വീൽചെയർ|സിംബൽ
🚹	men’s room	bathroom|lavatory|man|men’s|restroom|room|toilet|WC	പുരുഷൻമാർക്കുള്ള മുറി	കുളിമുറി|പുരുഷൻ|പുരുഷൻമാർക്കുള്ള ശൗചസ്ഥാനം|ശുചിമുറി|റെസ്റ്റ് റൂം
🚺	women’s room	bathroom|lavatory|restroom|room|toilet|WC|woman|women’s	സ്ത്രീകൾക്കുള്ള മുറി	കുളിമുറി|ടോയ്ലറ്റ്|ശുചിമുറി|സ്ത്രീ|സ്ത്രീകൾക്കുള്ള ടോയ്ലറ്റ്|സ്ത്രീകൾക്കുള്ള ശൗചസ്ഥാനം|റെസ്റ്റ് റൂം
🚻	restroom	bathroom|lavatory|toilet|WC	റെസ്റ്റ് റൂം	കുളിമുറി|ടോയ്ലറ്റ്|ടോയ്ലെറ്റ്|ശുചിമുറി
🚼	baby symbol	baby|changing|symbol	ശിശു ചിഹ്നം	ശിശു സിംബൽ
🚾	water closet	bathroom|closet|lavatory|restroom|toilet|water|WC	വാട്ടർ ക്ലോസറ്റ്	ക്ലോസറ്റ്|വെള്ളം|ശുചിമുറി|റെസ്റ്റ് റൂം
🛂	passport control	control|passport	പാസ്പോർട്ട് കൺട്രോൾ	കൺട്രോൾ|പാസ്പോർട്ട്
🛃	customs	packing	കസ്റ്റംസ്	
🛄	baggage claim	arrived|baggage|bags|case|checked|claim|journey|packing|plane|ready|travel|trip	ബാഗേജ് ക്ലെയിം	ക്ലെയിം|ബാഗേജ്
🛅	left luggage	baggage|case|left|locker|luggage	ഇടത് ലഗേജ്	ബാഗേജ്|ലഗേജ്|ലഗേജ് ലോക്കർ|സർവീസ്
⚠️	warning	caution	മുന്നറിയിപ്പ്	മുന്നറിയിപ്പ് ചിഹ്നം
🚸	children crossing	child|children|crossing|pedestrian|traffic	കുട്ടികൾ റോഡ് മുറിച്ചുകടക്കുന്നു	കുട്ടികൾ മുറിച്ചുകടക്കുന്നു
⛔	no entry	do|entry|fail|forbidden|no|not|pass|prohibited|traffic	പ്രവേശനമില്ല	അല്ല|ട്രാഫിക്|നിരോധിക്കപ്പെട്ടത്|പാടില്ല|പ്രവേശനം|വിലക്കപ്പെട്ടത്
🚫	prohibited	entry|forbidden|no|not|smoke	നിയന്ത്രിതമാണ്	പ്രവേശനമില്ല
🚳	no bicycles	bicycle|bicycles|bike|forbidden|no|not|prohibited	സൈക്കിൾ പാടില്ല	നിരോധിക്കപ്പെട്ടത്|പാടില്ല|ബൈക്ക്|വിലക്കപ്പെട്ടത്|സൈക്കിളുകൾ പാടില്ല|സൈക്കിൾ
🚭	no smoking	forbidden|no|not|prohibited|smoke|smoking	പുകവലി പാടില്ല	പാടില്ല|പുകവലി
🚯	no littering	forbidden|litter|littering|no|not|prohibited	ഇവിടെ ചവറുകളിടരുത്	ഇവിടെ ചവർ ഇടരുത്|ചവർ ഇടരുത്|ചവർ ഇവിടെ ഇടരുത്|മാലിന്യം നിക്ഷേപിക്കരുത്
🚱	non-potable water	dry|non-drinking|non-potable|prohibited|water	ശുദ്ധജലമല്ല	അശുദ്ധജലം|വെള്ളം
🚷	no pedestrians	forbidden|no|not|pedestrian|pedestrians|prohibited	കാൽനടയാത്ര പാടില്ല	കാൽനടക്കാർ ഇല്ല
📵	no mobile phones	cell|forbidden|mobile|no|not|phone|phones|prohibited|telephone	മൊബൈൽ പാടില്ല	പാടില്ല|ഫോൺ|മൊബൈൽ|മൊബൈൽ ഫോണുകൾ പാടില്ല|വിലക്കപ്പെട്ടത്|സെൽ
🔞	no one under eighteen	18|age|eighteen|forbidden|no|not|one|prohibited|restriction|underage	18 വയസ്സിന് താഴെയുള്ളവർക്ക് പ്രവേശനമില്ല	18|നിരോധിക്കപ്പെട്ടത്|പതിനെട്ട്|പ്രായപൂർത്തിയാകാത്തവർക്ക് നിയന്ത്രണം|പ്രായപൂർത്തിയായില്ല
☢️	radioactive	sign	റേഡിയോ ആക്റ്റീവ്	രാസപ്രവർത്തനം
☣️	biohazard	sign	ബയോഹസാർഡ്	ചിഹ്നം
⬆️	up arrow	arrow|cardinal|direction|north|up	മുകളിലേക്ക് ചൂണ്ടുന്ന അമ്പടയാളം	അമ്പടയാളം|കാർഡിനൽ|ദിശ|മുകളിലേക്കുള്ള അമ്പടയാളം|വടക്ക്
↗️	up-right arrow	arrow|direction|intercardinal|northeast|up-right	മുകളിൽ വലത്തേക്കുള്ള അമ്പടയാളം	അമ്പടയാളം|ഇന്റർകാർഡിനൽ|ദിശ|നോർത്ത് ഈസ്റ്റ്|വടക്ക് കിഴക്കൻ
➡️	right arrow	arrow|cardinal|direction|east|right	വലത്തേക്ക് ചൂണ്ടുന്ന അമ്പടയാളം	അമ്പടയാളം|കാർഡിനൽ|കിഴക്ക്|ദിശ|വലത്തേക്കുള്ള അമ്പടയാളം
↘️	down-right arrow	arrow|direction|down-right|intercardinal|southeast	താഴോട്ട് വലത്തേക്കുള്ള അമ്പടയാളം	അമ്പടയാളം|ഇന്റർകാർഡിനൽ|തെക്ക് കിഴക്ക്|ദിശ
⬇️	down arrow	arrow|cardinal|direction|down|south	താഴേക്ക് ചൂണ്ടുന്ന അമ്പടയാളം	അമ്പടയാളം|കാർഡിനൽ|താഴേക്കുള്ള അമ്പടയാളം|താഴേക്ക്|തെക്ക്|ദിശ
↙️	down-left arrow	arrow|direction|down-left|intercardinal|southwest	താഴോട്ട് ഇടത്തേക്കുള്ള അമ്പടയാളം	അമ്പടയാളം|ഇന്റർകാർഡിനൽ|തെക്ക് പടിഞ്ഞാറൻ|ദിശ
⬅️	left arrow	arrow|cardinal|direction|left|west	ഇടത്തേക്ക് ചൂണ്ടുന്ന അമ്പടയാളം	അമ്പടയാളം|ഇടത്തേക്കുള്ള അമ്പടയാളം|കാർഡിനൽ|ദിശ|പടിഞ്ഞാറ്
↖️	up-left arrow	arrow|direction|intercardinal|northwest|up-left	മുകളിൽ ഇടത്തേക്കുള്ള അമ്പടയാളം	അമ്പടയാളം|ഇന്റർകാർഡിനൽ|ദിശ|വടക്ക് പടിഞ്ഞാറൻ
↕️	up-down arrow	arrow|up-down	മുകളിലേക്കും താഴേക്കുമുള്ള അമ്പടയാളം	അമ്പടയാളം|താഴേക്ക്|മുകളിലേക്ക്
↔️	left-right arrow	arrow|left-right	ഇടത്തോട്ടും വലത്തോട്ടുമുള്ള അമ്പടയാളം	അമ്പടയാളം|ഇടത്|വലത്
↩️	right arrow curving left	arrow|curving|left|right	ഇടത്തേക്ക് വളഞ്ഞ വലത് അമ്പടയാളം	അമ്പടയാളം|വലത്ത്|വളവ്
↪️	left arrow curving right	arrow|curving|left|right	വലത്തേക്ക് വളഞ്ഞ ഇടത് അമ്പടയാളം	അമ്പടയാളം|ഇടത്ത്|വളവ്
⤴️	right arrow curving up	arrow|curving|right|up	മുകളിലേക്ക് വളഞ്ഞ വലത് അമ്പടയാളം	അമ്പടയാളം|മുുകളിലേക്ക്|വളവ്
⤵️	right arrow curving down	arrow|curving|down|right	താഴേക്ക് വളഞ്ഞ വലത് അമ്പടയാളം	അമ്പടയാളം|താഴേക്ക്|വളവ്
🔃	clockwise vertical arrows	arrow|arrows|clockwise|refresh|reload|vertical	ഘടികാര ദിശയിലുള്ള അമ്പടയാളങ്ങൾ	അമ്പടയാളം|ഘടികാര ദിശയിലുള്ള രണ്ട് ആരോകൾ
🔄	counterclockwise arrows button	again|anticlockwise|arrow|arrows|button|counterclockwise|deja|refresh|rewindershins|vu	വിപരീത ഘടികാര ദിശയിലുള്ള അമ്പടയാളങ്ങളുടെ ബട്ടൺ	അമ്പടയാളം|വിപരീത ഘടികാര ദിശയിലുള്ള രണ്ട് ആരോകൾ
🔙	BACK arrow	arrow|BACK	പുറകിലേക്കുള്ള അമ്പടയാളം	അമ്പടയാളം|ഇടത്തോട്ടുള്ള ബാക്ക് ബട്ടൺ|ബട്ടൺ|ബാക്ക്|മടങ്ങുക
🔚	END arrow	arrow|END	അവസാനിപ്പിക്കുന്നതിനുള്ള അമ്പടയാളം	അമ്പടയാളം|അവസാനിപ്പിക്കുക|ഇടത്തോട്ടുള്ള എൻഡ് ബട്ടൺ|ബട്ടൺ|ബാക്ക്
🔛	ON! arrow	arrow|mark|ON!	ഓൺ ചെയ്യുന്നതിനുള്ള അമ്പടയാളം	അടയാളം|അമ്പടയാളം|ഇരുഭാഗത്തേക്കുമുള്ള ആരോ ബട്ടണുകളിൽ ഓകെ ചിഹ്നം
🔜	SOON arrow	arrow|brb|omw|SOON	ഉടൻ തന്നെ എന്ന് അർത്ഥമാക്കുന്ന അമ്പടയാളം	അമ്പടയാളം|വലത്തോട്ടുള്ള ആരോയ്ക്കൊപ്പം ഉടനടി
🔝	TOP arrow	arrow|homie|TOP|up	മുകളിലേക്കുള്ള അമ്പടയാളത്തിനൊപ്പം ടോപ്പ്	അമ്പടയാളം|മുകളിലേക്കുള്ള ആരോയ്ക്കൊപ്പം ടോപ്പ്|മുകളിൽ
🛐	place of worship	place|pray|religion|worship	ആരാധനാലയം	പ്രാർത്ഥന|മതം
⚛️	atom symbol	atheist|atom|symbol	ആറ്റം ചിഹ്നം	ആറ്റം|നിരീശ്വരവാദി
🕉️	om	Hindu|religion	ഓം	മതം|ഹിന്ദു
✡️	star of David	David|Jew|Jewish|judaism|religion|star	സ്റ്റാർ ഓഫ് ഡേവിഡ്	ജ്യൂതമതം|ഡേവിഡ്|നക്ഷത്രം|മതം
☸️	wheel of dharma	Buddhist|dharma|religion|wheel	ധർമ്മ ചക്രം	ചക്രം|ധർമ്മ|ബുദ്ധിസ്റ്റ്|മതം
☯️	yin yang	difficult|lives|religion|tao|taoist|total|yang|yin|yinyang	യിൻ യാങ്	ടാവോ|ടാവോയിസ്റ്റ്|മതം|യാങ്|യിൻ
✝️	latin cross	christ|Christian|cross|latin|religion	ലാറ്റിൻ ക്രോസ്	കുരിശ്|ക്രിസ്തുമതം|മതം
☦️	orthodox cross	Christian|cross|orthodox|religion	ഓർത്തഡോക്സ് ക്രോസ്	കുരിശ്|ക്രിസ്തുമതം|മതം
☪️	star and crescent	crescent|islam|Muslim|ramadan|religion|star	ഇസ്ലാമിക ചിഹ്നം	ഇസ്ലാം|മതം|മുസ്ലീം
☮️	peace symbol	healing|peace|peaceful|symbol	സമാധാന ചിഹ്നം	സമാധാനം
🕎	menorah	candelabrum|candlestick|hanukkah|jewish|judaism|religion	മെനാറോ	മതം|മെഴുകുതിരി|മെഴുകുതിരിക്കാൽ|മെഴുകുതിരിസ്റ്റിക്ക്
🔯	dotted six-pointed star	dotted|fortune|jewish|judaism|six-pointed|star	ഭാവി പ്രവചനം	ആറ് മൂലകളുള്ള നക്ഷത്രം|നക്ഷത്രം|ഭാവി
🪯	khanda	Deg|Fateh|Khalsa|Khanda|religion|Sikh|Sikhism|Tegh	ഖണ്ഡ	മതം|വിശ്വാസം|സിഖിസം|സിഖ്
♈	Aries	horoscope|ram|zodiac	മേടം	രാശി
♉	Taurus	bull|horoscope|ox|zodiac	ഇടവം	രാശി
♊	Gemini	horoscope|twins|zodiac	മിഥുനം	രാശി
♋	Cancer	crab|horoscope|zodiac	കർക്കടകം	രാശി
♌	Leo	horoscope|lion|zodiac	ചിങ്ങം	രാശി
♍	Virgo	horoscope|zodiac	കന്നി	രാശി
♎	Libra	balance|horoscope|justice|scales|zodiac	തുലാം	രാശി
♏	Scorpio	horoscope|scorpion|Scorpius|zodiac	വൃശ്ചികം	രാശി
♐	Sagittarius	archer|horoscope|zodiac	ധനു	രാശി
♑	Capricorn	goat|horoscope|zodiac	മകരം	രാശി
♒	Aquarius	bearer|horoscope|water|zodiac	കുംഭം	ജലം|രാശി|വാഹകൻ
♓	Pisces	fish|horoscope|zodiac	മീനം	മത്സ്യം|രാശി
⛎	Ophiuchus	bearer|serpent|snake|zodiac	സർപ്പധരൻ	
🔀	shuffle tracks button	arrow|button|crossed|shuffle|tracks	പാട്ടുകൾ ഇടകലർത്തുന്നതിനുള്ള ബട്ടൺ	കുറുകെ വെച്ചിട്ടുള്ള അമ്പ്|ക്രോസ് ചെയ്യുന്ന വലത് ആരോകൾ
🔁	repeat button	arrow|button|clockwise|repeat	റിപ്പീറ്റ് ബട്ടൺ	അമ്പ്|ആവർത്തനം|ഘടികാര ദിശ|ഘടികാര ദിശയിലുള്ള രണ്ട് ആരോകൾ
🔂	repeat single button	arrow|button|clockwise|once|repeat|single	ഒരു തവണ ആവർത്തിക്കുന്നതിനുള്ള ബട്ടൺ	അമ്പ്|ഒന്ന് എന്ന സംഖ്യയുള്ള ആരോകൾ|ഒരുതവണ|ഘടികാര ദിശ|ഘടികാര ദിശയിലുള്ള
▶️	play button	arrow|button|play|right|triangle	പ്ലേ ബട്ടൺ	അമ്പ്|ചതുരം|പ്ലേ|വലതുവശം
⏩	fast-forward button	arrow|button|double|fast|fast-forward|forward	ഫാസ്റ്റ് ഫോർവാർഡ് ബട്ടൺ	അമ്പ്|ഇരട്ട|ഫാസ്റ്റ് ഫോർവാർഡ്|ഫോർവാഡുചെയ്യൽ|വേഗത
⏭️	next track button	arrow|button|next|scene|track|triangle	അടുത്ത പാട്ടിനുള്ള ബട്ടൺ	അടുത്ത ട്രാക്ക്|അടുത്ത സീൻ|അമ്പ്|ചതുരം
⏯️	play or pause button	arrow|button|pause|play|right|triangle	പ്ലേ ചെയ്യുക/താൽക്കാലികമായി നിർത്തുക ബട്ടൺ	അമ്പ്|ചതുരം|താൽക്കലികമായി നിർത്തുക|പ്ലേ|വലത്
◀️	reverse button	arrow|button|left|reverse|triangle	റിവേഴ്സ് ബട്ടൺ	അമ്പ്|ഇടത്|ചതുരം|റിവേഴ്സ്
⏪	fast reverse button	arrow|button|double|fast|reverse|rewind	ഫാസ്റ്റ് റിവേഴ്സ് ബട്ടൺ	അമ്പ്|ഇരട്ട്|റിവൈൻഡ്
⏮️	last track button	arrow|button|last|previous|scene|track|triangle	അവസാനത്തെ പാട്ടിലേക്കുള്ള ബട്ടൺ	അമ്പ്|ചതുരം|മുമ്പുള്ള ട്രാക്ക്|മുമ്പുള്ള സീൻ
🔼	upwards button	arrow|button|red|up|upwards	മുകളിലേക്ക് പോകാനുള്ള ബട്ടൺ	ബട്ടൺ|മുകളിലേക്കുള്ള അമ്പടയാള ബട്ടൺ
⏫	fast up button	arrow|button|double|fast|up	വേഗത്തിൽ മുകളിലേക്കുള്ള അമ്പടയാള ബട്ടൺ	ഇരട്ട അമ്പ്|ഇരട്ട ആരോ
🔽	downwards button	arrow|button|down|downwards|red	താഴേക്ക് പോകാനുള്ള ബട്ടൺ	അമ്പടയാളം|താഴേക്കുള്ള അമ്പടയാള ബട്ടൺ|താഴേക്ക്|ബട്ടൺ
⏬	fast down button	arrow|button|double|down|fast	വേഗത്തിൽ താഴേക്കുള്ള അമ്പടയാള ബട്ടൺ	താഴേക്കുള്ള അമ്പ്|താഴേക്കുള്ള ആരോ
⏸️	pause button	bar|button|double|pause|vertical	താൽക്കാലികമായി നിർത്തുക ബട്ടൺ	ഇരട്ട|താൽക്കാലികമായി നിർത്തുക|ബാർ|ലമ്പം
⏹️	stop button	button|square|stop	നിർത്തുക ബട്ടൺ	ചതുരം|നിർത്തൽ
⏺️	record button	button|circle|record	റെക്കോർഡ് ബട്ടൺ	വളയം|റെക്കോർഡ്
⏏️	eject button	button|eject	ഇജക്റ്റ് ബട്ടൺ	നിരസിക്കൽ|നിർത്തൽ|വേണ്ട
🎦	cinema	camera|film|movie	സിനിമ	ക്യാമറ|ചിഹ്നം|മൂവി
🔅	dim button	brightness|button|dim|low	കുറഞ്ഞ തെളിച്ചത്തിനുള്ള ബട്ടൺ	താഴ്ന്ന|താഴ്ന്ന തെളിച്ച ചിഹ്നം|തെളിച്ചം|വെളിച്ചം
🔆	bright button	bright|brightness|button|light	ഉയർന്ന തെളിച്ചത്തിനുള്ള ബട്ടൺ	ഉയർന്ന|ഉയർന്ന തെളിച്ച ചിഹ്നം|തെളിച്ചം|വെളിച്ചം
📶	antenna bars	antenna|bar|bars|cell|communication|mobile|phone|signal|telephone	ആന്റിന ബാർ	ആന്റിന|ആന്റിന ബാറുകൾ|ഫോൺ|ബാർ|മൊബൈൽ|സിഗ്നൽ ബാർ|സെൽ
🛜	wireless	broadband|computer|connectivity|hotspot|internet|network|router|smartphone|wi-fi|wifi|wlan	വയർലെസ്സ്	ഇന്റർനെറ്റ്|കമ്പ്യൂട്ടർ|നെറ്റ്വർക്ക്|വയർലസ്|വൈഫൈ
📳	vibration mode	cell|communication|mobile|mode|phone|telephone|vibration	വൈബ്രേഷൻ മോഡ്	ടെലഫോൺ|ഫോൺ|മൊബൈൽ|മോഡ്|വൈബ്രേഷൻ|സെൽ
📴	mobile phone off	cell|mobile|off|phone|telephone	മൊബൈൽ ഫോൺ ഓഫ് ചെയ്യുക	ഓഫ്|ടെലഫോൺ|ഫോൺ|മൊബൈൽ|സെൽ
♀️	female sign	female|sign|woman	സ്ത്രീ ചിഹ്നം	വനിത
♂️	male sign	male|man|sign	പുരുഷ ചിഹ്നം	ചിഹ്നം|പുരുഷൻ
⚧️	transgender symbol	symbol|transgender	ഭിന്നലിംഗ ചിഹ്നം	ഭിന്നലിംഗം
✖️	multiply	×|cancel|multiplication|sign|x	ഗുണിക്കുക	×|x|ഗുണനം|ഗുണന ചിഹ്നം|ചിഹ്നം|റദ്ദാക്കുക
➕	plus	+	കൂട്ടുക	+|ഗണിതം|ചിഹ്നം|പ്ലസ് ചിഹ്നം
➖	minus	-|−|heavy|math|sign	കിഴിക്കുക	-|−|ഗണിതം|ചിഹ്നം|മൈനസ് ചിഹ്നം
➗	divide	÷|division|heavy|math|sign	ഹരിക്കുക	÷|ഗണിതം|ചിഹ്നം|ഹരണം|ഹരണ ചിഹ്നം
🟰	heavy equals sign	answer|equal|equality|equals|heavy|math|sign	കനത്ത സമ ചിഹ്നം	ഉത്തരം|ഗണിതം|സമം|സമത്വം|സമാന്തരങ്ങൾ
♾️	infinity	forever|unbounded|universal	അനന്തത	അതിരില്ലാത്ത|എന്നന്നേയ്ക്കും|സാർവ്വലൗകികം
‼️	double exclamation mark	!|!!|bangbang|double|exclamation|mark|punctuation	ഇരട്ട ആശ്ചര്യ ചിഹ്നം	ആശ്ചര്യചിഹ്നം|ബാങ്ബാങ്|വിരാമം
⁉️	exclamation question mark	!|!?|?|exclamation|interrobang|mark|punctuation|question	ആശ്ചര്യ ചോദ്യ ചിഹ്നം	!|!?|?|ചോദ്യം|വിരാമം
❓	red question mark	?|mark|punctuation|question|red	ചുവന്ന ചോദ്യ ചിഹ്നം	?|ചിഹ്നം|ചോദ്യം|ചോദ്യ ചിഹ്നം|വിരാമ ചിഹ്നം
❔	white question mark	?|mark|outlined|punctuation|question|white	വെളുത്ത ചോദ്യ ചിഹ്നം	?|അടിവരയിട്ടത്|ചോദ്യം|വെളുപ്പ് ചോദ്യ ചിഹ്നം
❕	white exclamation mark	!|exclamation|mark|outlined|punctuation|white	വെളുത്ത ആശ്ചര്യ ചിഹ്നം	!|ആശ്ചര്യം|ചിഹ്നം|വിരാമം
❗	red exclamation mark	!|exclamation|mark|punctuation|red	ചുവന്ന ആശ്ചര്യ ചിഹ്നം	!|ആശ്ചര്യ ചിഹ്നം|ചിഹ്നം|വിരാമം
〰️	wavy dash	dash|punctuation|wavy	വേവി ഡാഷ്	ഡാഷ്|തരംഗ ഡാഷ്|തിരകൾ
💱	currency exchange	bank|currency|exchange|money	കറൻസി വിനിമയം	എക്സ്ചേഞ്ച്|കറൻസി|പണം|ബാങ്ക്. കറൻസി|വിനിമയം
💲	heavy dollar sign	billion|cash|charge|currency|dollar|heavy|million|money|pay|sign	വലിയ ഡോളർ ചിഹ്നം	കട്ടിയുള്ള ഡോളർ സൈൻ|ഡോളർ|ഡോളർ ചിഹ്നം|ഡോളർ സൈൻ|പണം
⚕️	medical symbol	aesculapius|medical|medicine|staff|symbol	മെഡിക്കൽ അടയാളം	അടയാളം|ചിഹ്നം|മെഡിക്കൽ
♻️	recycling symbol	recycle|recycling|symbol	റീസൈക്കിൾ ചിഹ്നം	ചിഹ്നം|റീസൈക്കിൾ
⚜️	fleur-de-lis	knights	ഫ്ലർ ഡേ ലിസ്	ചിഹ്നം
🔱	trident emblem	anchor|emblem|poseidon|ship|tool|trident	ത്രിശൂല ചിഹ്നം	ത്രിശൂലം|നങ്കൂരം
📛	name badge	badge|name	നെയിം ബാഡ്ജ്	നെയിം|ബാഡ്ജ്
🔰	Japanese symbol for beginner	beginner|chevron|green|Japanese|leaf|symbol|tool|yellow	തുടക്കക്കാർക്കുള്ള ജപ്പാനീസ് ചിഹ്നം	ഇല|ജാപ്പനീസ്|തുടക്കക്കാരൻ|ഷെവ്റോൺ
⭕	hollow red circle	circle|heavy|hollow|large|o|red	ചുവന്ന പൊള്ള വൃത്തം	o|ചുവപ്പ്|വലിയ വൃത്തം|വലുത്|വൃത്തം
✅	check mark button	✓|button|check|checked|checkmark|complete|completed|done|fixed|mark|tick	വെളുത്ത ചെക്ക് അടയാളം	അടയാളം|ചെക്ക്|ചെക്ക് മാർക്ക്
☑️	check box with check	✓|ballot|box|check|checked|done|off|tick	ചെക്ക് അടയാളമുള്ള ബാലറ്റ് പെട്ടി	ചെക്ക് അടയാളം|പരിശോധന|ബാലറ്റ് പെട്ടി
✔️	check mark	✓|check|checked|checkmark|done|heavy|mark|tick	ചെക്ക് അടയാളം	അടയാളം|ചെക്ക്|മാർക്ക്|വലിയ ചെക്ക് അടയാളം
❌	cross mark	×|cancel|cross|mark|multiplication|multiply|x	തെറ്റ് അടയാളം	ക്രോസ്|ഗുണനം|ഗുണനചിഹ്നം|ഗുണിക്കുക|ചിഹ്നം|മാർക്ക്|റദ്ദാക്കൽ
❎	cross mark button	×|button|cross|mark|multiplication|multiply|square|x	തെറ്റ് അടയാള ബട്ടൺ	ക്രോസ് മാർക്ക്|ഗുണന ചിഹ്നം
➰	curly loop	curl|curly|loop	ഒരു ചുരുളുള്ള ലൂപ്പ്	ചുരുണ്ട ലൂപ്പ്
➿	double curly loop	curl|curly|double|loop	രണ്ട് ചുരുളുള്ള ലൂപ്പ്	ഇരട്ട ചുരുണ്ട ലൂപ്പ്
〽️	part alternation mark	alternation|mark|part	പാർട്ട് ആൾട്ടർനേഷൻ മാർക്ക്	അടയാളം|പാർട്ട്|ഭാഗം
✳️	eight-spoked asterisk	*|asterisk|eight-spoked	എയ്റ്റ് സ്പോക്ക്ഡ് ആസ്റ്റെറിസ്ക്ക്	*|ആസ്റ്റെറിസ്ക്ക്|എട്ട് ഭുജങ്ങളുള്ള നക്ഷത്രം
✴️	eight-pointed star	*|eight-pointed|star	എട്ട് ഭുജങ്ങളുള്ള നക്ഷത്രം	*|നക്ഷത്രം
❇️	sparkle	*	സ്പാർക്കിൾ	*
©️	copyright	C	പകർപ്പവകാശ ചിഹ്നം	C|പകർപ്പവകാശം
®️	registered	R	രജിസ്ട്രേഷൻ ചിഹ്നം	ചിഹ്നം|രജിസ്ട്രേഡ്|രജിസ്റ്റർചെയ്തത്
™️	trade mark	mark|TM|trade|trademark	ട്രേഡ്മാർക്ക്	വ്യാപാരമുദ്ര|സൈൻ
🫟	splatter	drip|holi|ink|liquid|mess|paint|spill|stain	ചിതറിയ നിറക്കൂട്ടുകൾ	കറ|ചിതറിത്തെറിച്ച ഛായക്കൂട്ടുകൾ|ചിതറിത്തെറിച്ച നിറക്കൂട്ടുകൾ|പെയിന്റ്|ഹോളി
#️⃣	keycap: #	keycap	കീക്യാപ്പ്: #	കീക്യാപ്പ്
*️⃣	keycap: *	keycap	കീക്യാപ്പ്: *	കീക്യാപ്പ്
0️⃣	keycap: 0	0|keycap|zero	കീക്യാപ്പ്: 0	0|കീക്യാപ്പ്|പൂജ്യം
1️⃣	keycap: 1	1|keycap|one	കീക്യാപ്പ്: 1	1|ഒന്ന്|കീക്യാപ്പ്
2️⃣	keycap: 2	2|keycap|two	കീക്യാപ്പ്: 2	2|കീക്യാപ്പ്|രണ്ട്
3️⃣	keycap: 3	3|keycap|three	കീക്യാപ്പ്: 3	3|കീക്യാപ്പ്|മൂന്ന്
4️⃣	keycap: 4	4|four|keycap	കീക്യാപ്പ്: 4	4|കീക്യാപ്പ്|നാല്
5️⃣	keycap: 5	5|five|keycap	കീക്യാപ്പ്: 5	5|അഞ്ച്|കീക്യാപ്പ്
6️⃣	keycap: 6	6|keycap|six	കീക്യാപ്പ്: 6	6|ആറ്|കീക്യാപ്പ്
7️⃣	keycap: 7	7|keycap|seven	കീക്യാപ്പ്: 7	7|ഏഴ്|കീക്യാപ്പ്
8️⃣	keycap: 8	8|eight|keycap	കീക്യാപ്പ്: 8	8|എട്ട്|കീക്യാപ്പ്
9️⃣	keycap: 9	9|keycap|nine	കീക്യാപ്പ്: 9	9|ഒമ്പത്|കീക്യാപ്പ്
🔟	keycap: 10	keycap	കീക്യാപ്പ്: 10	കീക്യാപ്പ്
🔠	input latin uppercase	ABCD|input|latin|letters|uppercase	വലിയക്ഷരങ്ങൾ	ക്യാപിറ്റൽ
🔡	input latin lowercase	abcd|input|latin|letters|lowercase	ചെറിയക്ഷരങ്ങൾ	സ്മാൾ
🔢	input numbers	1234|input|numbers	സംഖ്യകൾ	സംഖ്യ
🔣	input symbols	&|%|♪|〒|input|symbols	ഇൻപുട്ട് അടയാളങ്ങൾ	ഇൻപുട്ട്
🔤	input latin letters	abc|alphabet|input|latin|letters	ഇംഗ്ലീഷ് അക്ഷരമാല	ഇംഗ്ലീഷ് അക്ഷരം എബിസി
🅰️	A button (blood type)	blood|button|type	A രക്തഗ്രൂപ്പ് ചിഹ്നം	ഗ്രൂപ്പ് എ|ചിഹ്നം|ബ്ലഡ് ഗ്രൂപ്പ് എ|രക്ത ഗ്രൂപ്പ്|രക്ത ഗ്രൂപ്പ് A|സിംബൽ
🆎	AB button (blood type)	AB|blood|button|type	AB രക്തഗ്രൂപ്പ് ചിഹ്നം	ഗ്രൂപ്പ് എ|ചിഹ്നം|ബ്ലഡ് ഗ്രൂപ്പ് എബി|രക്ത ഗ്രൂപ്പ്|രക്ത ഗ്രൂപ്പ് AB|സിംബൽ
🅱️	B button (blood type)	B|blood|button|type	B രക്തഗ്രൂപ്പ് ചിഹ്നം	ഗ്രൂപ്പ് എ|ചിഹ്നം|ബ്ലഡ് ഗ്രൂപ്പ് ബി|രക്ത ഗ്രൂപ്പ്|രക്ത ഗ്രൂപ്പ് B|സിംബൽ
🆑	CL button	button|CL	മായ്ച്ച് കളയുക	CL|ചിഹ്നം|മായ്ക്കൽ|മായ്ക്കുക|സിംബൽ
🆒	COOL button	button|COOL	കൂൾ ബട്ടൺ	കൂൾ|ചിഹ്നം|സിംബൽ
🆓	FREE button	button|FREE	സൗജന്യം	ചിഹ്നം|ഫ്രീ|സിംബൽ|സൗജന്യം എന്ന് പ്രകടിപ്പിക്കുന്ന ബട്ടൺ|സൗജന്യ നിരക്ക്|സൗജന്യനിരക്ക്
ℹ️	information	I	വിവരങ്ങൾ	i|അന്വേഷണം|വിവരം
🆔	ID button	button|ID|identity	തിരിച്ചറിയൽ ചിഹ്നം	ID|ഐഡന്റിറ്റി|ഐഡി|ചിഹ്നം|സിംബൽ
Ⓜ️	circled M	circle|circled|M	വൃത്തത്തിലുള്ള M ചിഹ്നം	m|വൃത്തം
🆕	NEW button	button|NEW	പുതിയത് എന്ന് കാണിക്കുന്ന ചതുരം	ചിഹ്നം|പുതിയ ചിഹ്നം|പുതിയത്|പുതിയത് എന്ന് കാണിക്കുന്ന ബട്ടൺ|പുത്തൻ|സിംബൽ
🆖	NG button	button|NG	നല്ലതല്ല എന്ന് കാണിക്കുന്ന ചതുര NG	എൻജി|ചിഹ്നം|നല്ലതല്ല|മോശം|സിംബൽ
🅾️	O button (blood type)	blood|button|O|type	O രക്തഗ്രൂപ്പ് ചിഹ്നം	ഗ്രൂപ്പ് എ|ചിഹ്നം|ബ്ലഡ് ഗ്രൂപ്പ് ഒ|രക്ത ഗ്രൂപ്പ്|രക്ത ഗ്രൂപ്പ് O|സിംബൽ
🆗	OK button	button|OK|okay	ശരിയാണ് /OK എന്ന് കാണിക്കുന്ന മുദ്ര	OK|ഒകെ|ഓകെ എന്ന് കാണിക്കുന്ന മുദ്ര|ചിഹ്നം|ശരി|സിംബൽ
🅿️	P button	button|P|parking	പാർക്ക് ചെയ്യാനുള്ള സ്ഥലം	ചിഹ്നം|പാർക്കിംഗ്|പാർക്കിംഗ് ലോട്ട്|പാർക്കിംഗ് സ്ഥലം|സിംബൽ
🆘	SOS button	button|help|SOS	SOS മുദ്ര	SOS|എസ്ഒഎസ്|ചിഹ്നം|സഹായം|സഹായ ചിഹ്നം|സിംബൽ
🆙	UP! button	button|mark|UP|UP!	മുകൾഭാഗത്തേക്ക് /അപ്പ് മുദ്ര	അപ്പ് ചിഹ്നം|അപ്പ്! ചിഹ്നം|സിംബൽ
🆚	VS button	button|versus|VS	വെഴ്സസ് കാണിക്കുന്ന മുദ്ര	ചിഹ്നം|മുഖാമുഖം|വേഴ്സസ് ചിഹ്നം|സിംബൽ
🈁	Japanese “here” button	button|here|Japanese|katakana	ജാപ്പനീസ് "ഇവിടെ" ബട്ടൺ	ഇവിടെ|കറ്റക്കാന|ജാപ്പനീസ്
🈂️	Japanese “service charge” button	button|charge|Japanese|katakana|service	ജാപ്പനീസ് "സേവന നിരക്ക്" ബട്ടൺ	"സേവന നിരക്ക്"|കറ്റക്കാന|ജാപ്പനീസ്|ജാപ്പനീസ് "സേവന നിരക്ക് " ബട്ടൺ
🈷️	Japanese “monthly amount” button	amount|button|ideograph|Japanese|monthly	ജാപ്പനീസ് "പ്രതിമാസ തുക" ബട്ടൺ	"പ്രതിമാസ തുക"|ആശയലിപി|ജാപ്പനീസ്
🈶	Japanese “not free of charge” button	button|charge|free|ideograph|Japanese|not	ജാപ്പനീസ് "സൗജന്യമല്ല" ബട്ടൺ	"സൗജന്യമല്ല"|ആശയലിപി|ജാപ്പനീസ്
🈯	Japanese “reserved” button	button|ideograph|Japanese|reserved	ജാപ്പനീസ് "റിസർവ് ചെയ്തത്" ബട്ടൺ	"റിസർവ് ചെയ്തത്"|ആശയലിപി|ജാപ്പനീസ്
🉐	Japanese “bargain” button	bargain|button|ideograph|Japanese	ജാപ്പനീസ് "വിലപേശുക" ബട്ടൺ	"വിലപേശുക"|ആശയലിപി|ജാപ്പനീസ്
🈹	Japanese “discount” button	button|discount|ideograph|Japanese	ജാപ്പനീസ് "കിഴിവ്" ബട്ടൺ	"കിഴിവ്"|ആശയലിപി|ജാപ്പനീസ്
🈚	Japanese “free of charge” button	button|charge|free|ideograph|Japanese	ജാപ്പനീസ് "സൗജന്യമാണ്" ബട്ടൺ	"സൗജന്യമാണ്"|ആശയലിപി|ജാപ്പനീസ്
🈲	Japanese “prohibited” button	button|ideograph|Japanese|prohibited	ജാപ്പനീസ് "നിരോധിച്ചിരിക്കുന്നു" ബട്ടൺ	"നിരോധിച്ചിരിക്കുന്നു"|ആശയലിപി|ജാപ്പനീസ്
🉑	Japanese “acceptable” button	acceptable|button|ideograph|Japanese	ജാപ്പനീസ് "സ്വീകാര്യമാണ്" ബട്ടൺ	"സ്വീകാര്യമാണ്"|ആശയലിപി|ജാപ്പനീസ്
🈸	Japanese “application” button	application|button|ideograph|Japanese	ജാപ്പനീസ് "അപേക്ഷ" ബട്ടൺ	"അപേക്ഷ"|ആശയലിപി|ജാപ്പനീസ്
🈴	Japanese “passing grade” button	button|grade|ideograph|Japanese|passing	ജാപ്പനീസ് "കോഴ്സ് ജയിക്കൽ" ബട്ടൺ	"കോഴ്സ് ജയിക്കൽ"|ആശയലിപി|ജാപ്പനീസ്
🈳	Japanese “vacancy” button	button|ideograph|Japanese|vacancy	ജാപ്പനീസ് "ഒഴിവുണ്ട്" ബട്ടൺ	"ഒഴിവുണ്ട്"|ആശയലിപി|ജാപ്പനീസ്
㊗️	Japanese “congratulations” button	button|congratulations|ideograph|Japanese	ജാപ്പനീസ് "അഭിനന്ദനങ്ങൾ" ബട്ടൺ	"അഭിനന്ദനങ്ങൾ"|ആശയലിപി|ജാപ്പനീസ്
㊙️	Japanese “secret” button	button|ideograph|Japanese|secret	ജാപ്പനീസ് "രഹസ്യം" ബട്ടൺ	"രഹസ്യം"|ആശയലിപി|ജാപ്പനീസ്
🈺	Japanese “open for business” button	business|button|ideograph|Japanese|open	ജാപ്പനീസ് "ഷോപ്പ് തുറന്നിരിക്കുന്നു" ബട്ടൺ	"ഷോപ്പ് തുറന്നിരിക്കുന്നു"|ആശയലിപി|ജാപ്പനീസ്
🈵	Japanese “no vacancy” button	button|ideograph|Japanese|no|vacancy	ജാപ്പനീസ് "ഒഴിവില്ല" ബട്ടൺ	"ഒഴിവില്ല"|ആശയലിപി|ജാപ്പനീസ്
🔴	red circle	circle|geometric|red	ചുവന്ന വൃത്തം	ചുവപ്പ്|ജ്യാമിതീയമായത്|വലിയ ചുവന്ന വൃത്തം|വൃത്തം
🟠	orange circle	circle|orange	ഓറഞ്ച് വൃത്തം	ഓറഞ്ച്|വൃത്തം
🟡	yellow circle	circle|yellow	മഞ്ഞ വൃത്തം	മഞ്ഞ|വൃത്തം
🟢	green circle	circle|green	പച്ച വൃത്തം	പച്ച|വൃത്തം
🔵	blue circle	blue|circle|geometric	നീല വൃത്തം	നീല|വലിയ നീല വൃത്തം|വലിയ വൃത്തം|വൃത്തം
🟣	purple circle	circle|purple	പർപ്പിൾ വൃത്തം	പർപ്പിൾ|വൃത്തം
🟤	brown circle	brown|circle	ബ്രൗൺ വൃത്തം	ബ്രൗൺ|വൃത്തം
⚫	black circle	black|circle|geometric	കറുത്ത വൃത്തം	ജിയോമെട്രിക്ക്|വട്ടം|വൃത്തം
⚪	white circle	circle|geometric|white	വെളുത്ത വൃത്തം	ജിയോമെട്രിക്ക്|വട്ടം|വൃത്തം
🟥	red square	card|penalty|red|square	ചുവന്ന ചതുരം	ചതുരം|ചുവപ്പ്
🟧	orange square	orange|square	ഓറഞ്ച് ചതുരം	ഓറഞ്ച്|ചതുരം
🟨	yellow square	card|penalty|square|yellow	മഞ്ഞ ചതുരം	ചതുരം|മഞ്ഞ
🟩	green square	green|square	പച്ച ചതുരം	ചതുരം|പച്ച
🟦	blue square	blue|square	നീല ചതുരം	ചതുരം|നീല
🟪	purple square	purple|square	പർപ്പിൾ ചതുരം	ചതുരം|പർപ്പിൾ
🟫	brown square	brown|square	ബ്രൗൺ ചതുരം	ചതുരം|ബ്രൗൺ
⬛	black large square	black|geometric|large|square	വലിയ കറുത്ത ചതുരം	കളം|കറുത്ത ചതുരം|ചതുരം|ജിയോമെട്രിക്ക്
⬜	white large square	geometric|large|square|white	വലിയ വെളുത്ത ചതുരം	കളം|ചതുരം|ജിയോമെട്രിക്ക്
◼️	black medium square	black|geometric|medium|square	ഇടത്തരം കറുത്ത ചതുരം	കളം|ചതുരം|ജിയോമെട്രിക്ക്
◻️	white medium square	geometric|medium|square|white	ഇടത്തരം വെളുത്ത ചതുരം	കളം|ചതുരം|ജിയോമെട്രിക്ക്
◾	black medium-small square	black|geometric|medium-small|square	ചെറിയ കറുത്ത ചതുരം	കളം|ചതുരം|ജിയോമെട്രിക്ക്
◽	white medium-small square	geometric|medium-small|square|white	ചെറിയ വെളുത്ത ചതുരം	കളം|ചതുരം|ജിയോമെട്രിക്ക്
▪️	black small square	black|geometric|small|square	വളരെ ചെറിയ കറുത്ത ചതുരം	കളം|ചതുരം|ജിയോമെട്രിക്ക്
▫️	white small square	geometric|small|square|white	വളരെ ചെറിയ വെളുത്ത ചതുരം	കളം|ചതുരം|ചെറിയ വെളുത്ത ചതുരം|ജിയോമെട്രിക്ക്
🔶	large orange diamond	diamond|geometric|large|orange	വലിയ ഓറഞ്ച് ഡയമണ്ട്	വജ്രം
🔷	large blue diamond	blue|diamond|geometric|large	വലിയ നീല ഡയമണ്ട്	വജ്രം
🔸	small orange diamond	diamond|geometric|orange|small	ചെറിയ ഓറഞ്ച് ഡയമണ്ട്	വജ്രം
🔹	small blue diamond	blue|diamond|geometric|small	ചെറിയ നീല ഡയമണ്ട്	വജ്രം
🔺	red triangle pointed up	geometric|pointed|red|triangle|up	മുകളിലേക്ക് ചൂണ്ടുന്ന ചുവന്ന ത്രികോണം	ജിയോമെട്രിക്ക്
🔻	red triangle pointed down	down|geometric|pointed|red|triangle	താഴേക്ക് ചൂണ്ടുന്ന ചുവന്ന ത്രികോണം	ജിയോമെട്രിക്ക്
💠	diamond with a dot	comic|diamond|dot|geometric	ഒരു പുള്ളിയുള്ള ഡയമണ്ട്	പൂവിതൾ|പൂവ്|ഭംഗി|വികാരം|വൈരക്കല്ലിന്റെ ആകൃതി|വൈരക്കല്ല്
🔘	radio button	button|geometric|radio	റേഡിയോ ബട്ടൺ	ബട്ടൺ|റേഡിയോ
🔳	white square button	button|geometric|outlined|square|white	വെളുത്ത ചതുര ബട്ടൺ	ചതുരം|ചതുര ബട്ടൺ|ബട്ടൺ
🔲	black square button	black|button|geometric|square	കറുത്ത ചതുര ബട്ടൺ	ചതുരം|ചതുര ബട്ടൺ|ബട്ടൺ
🏁	chequered flag	checkered|chequered|finish|flag|flags|game|race|racing|sport|win	ചതുരങ്ങളുള്ള പതാക	പതാക|സ്പോർട്സ്
🚩	triangular flag	construction|flag|golf|post|triangular	ത്രികോണ പതാക	പതാക|പോസ്റ്റിൽ ത്രികോണ പതാക|ലൊക്കേഷൻ
🎌	crossed flags	celebration|cross|crossed|flags|Japanese	കുറുകെയുള്ള പതാകകൾ	ആഘോഷം|പതാക|പരസ്പരം വിച്ഛേദിക്കുന്ന പതാകകൾ
🏴	black flag	black|flag|waving	പാറിപ്പറക്കുന്ന കറുത്ത പതാക	കറുപ്പ്|പതാക|വീശുക
🏳️	white flag	flag|waving|white	പാറിപ്പറക്കുന്ന വെളുത്ത പതാക	പതാക|വീശുക|വെളുത്ത|സമാധാനം
🏳️‍🌈	rainbow flag	bisexual|flag|gay|genderqueer|glbt|glbtq|lesbian|lgbt|lgbtq|lgbtqia|pride|queer|rainbow|trans|transgender	മഴവിൽ പതാക	പതാക|മഴവിൽ
🏳️‍⚧️	transgender flag	blue|flag|light|pink|transgender|white	നീല, പിങ്ക്, വെള്ള പതാക	ഇളം നീല|നീല|പതാക|പിങ്ക്|ഭിന്നലിംഗം|വെള്ള
🏴‍☠️	pirate flag	flag|Jolly|pirate|plunder|Roger|treasure	പൈറേറ്റ് പതാക	കടൽക്കൊള്ളക്കാരൻ|കൊള്ളയടി|ജോളി റോജർ|നിധി
🇦🇨	flag: Ascension Island	flag	പതാക: അസൻഷൻ ദ്വീപ്	പതാക
🇦🇩	flag: Andorra	flag	പതാക: അൻഡോറ	പതാക
🇦🇪	flag: United Arab Emirates	flag	പതാക: യുണൈറ്റഡ് അറബ് എമിറൈറ്റ്സ്	പതാക
🇦🇫	flag: Afghanistan	flag	പതാക: അഫ്ഗാനിസ്ഥാൻ	പതാക
🇦🇬	flag: Antigua & Barbuda	flag	പതാക: ആൻറിഗ്വയും ബർബുഡയും	പതാക
🇦🇮	flag: Anguilla	flag	പതാക: ആൻഗ്വില്ല	പതാക
🇦🇱	flag: Albania	flag	പതാക: അൽബേനിയ	പതാക
🇦🇲	flag: Armenia	flag	പതാക: അർമേനിയ	പതാക
🇦🇴	flag: Angola	flag	പതാക: അംഗോള	പതാക
🇦🇶	flag: Antarctica	flag	പതാക: അന്റാർട്ടിക്ക	പതാക
🇦🇷	flag: Argentina	flag	പതാക: അർജന്റീന	പതാക
🇦🇸	flag: American Samoa	flag	പതാക: അമേരിക്കൻ സമോവ	പതാക
🇦🇹	flag: Austria	flag	പതാക: ഓസ്ട്രിയ	പതാക
🇦🇺	flag: Australia	flag	പതാക: ഓസ്ട്രേലിയ	പതാക
🇦🇼	flag: Aruba	flag	പതാക: അറൂബ	പതാക
🇦🇽	flag: Åland Islands	flag	പതാക: അലൻഡ് ദ്വീപുകൾ	പതാക
🇦🇿	flag: Azerbaijan	flag	പതാക: അസർബൈജാൻ	പതാക
🇧🇦	flag: Bosnia & Herzegovina	flag	പതാക: ബോസ്നിയയും ഹെർസഗോവിനയും	പതാക
🇧🇧	flag: Barbados	flag	പതാക: ബാർബഡോസ്	പതാക
🇧🇩	flag: Bangladesh	flag	പതാക: ബംഗ്ലാദേശ്	പതാക
🇧🇪	flag: Belgium	flag	പതാക: ബെൽജിയം	പതാക
🇧🇫	flag: Burkina Faso	flag	പതാക: ബർക്കിന ഫാസോ	പതാക
🇧🇬	flag: Bulgaria	flag	പതാക: ബൾഗേറിയ	പതാക
🇧🇭	flag: Bahrain	flag	പതാക: ബഹ്റിൻ	പതാക
🇧🇮	flag: Burundi	flag	പതാക: ബറുണ്ടി	പതാക
🇧🇯	flag: Benin	flag	പതാക: ബെനിൻ	പതാക
🇧🇱	flag: St. Barthélemy	flag	പതാക: സെന്റ് ബാർത്തലമി	പതാക
🇧🇲	flag: Bermuda	flag	പതാക: ബർമുഡ	പതാക
🇧🇳	flag: Brunei	flag	പതാക: ബ്രൂണൈ	പതാക
🇧🇴	flag: Bolivia	flag	പതാക: ബൊളീവിയ	പതാക
🇧🇶	flag: Caribbean Netherlands	flag	പതാക: കരീബിയൻ നെതർലാൻഡ്സ്	പതാക
🇧🇷	flag: Brazil	flag	പതാക: ബ്രസീൽ	പതാക
🇧🇸	flag: Bahamas	flag	പതാക: ബഹാമാസ്	പതാക
🇧🇹	flag: Bhutan	flag	പതാക: ഭൂട്ടാൻ	പതാക
🇧🇻	flag: Bouvet Island	flag	പതാക: ബൗവെട്ട് ദ്വീപ്	പതാക
🇧🇼	flag: Botswana	flag	പതാക: ബോട്സ്വാന	പതാക
🇧🇾	flag: Belarus	flag	പതാക: ബെലറൂസ്	പതാക
🇧🇿	flag: Belize	flag	പതാക: ബെലീസ്	പതാക
🇨🇦	flag: Canada	flag	പതാക: കാനഡ	പതാക
🇨🇨	flag: Cocos (Keeling) Islands	flag	പതാക: കോക്കസ് (കീലിംഗ്) ദ്വീപുകൾ	പതാക
🇨🇩	flag: Congo - Kinshasa	flag	പതാക: കോംഗോ - കിൻഷാസ	പതാക
🇨🇫	flag: Central African Republic	flag	പതാക: സെൻട്രൽ ആഫ്രിക്കൻ റിപ്പബ്ലിക്ക്	പതാക
🇨🇬	flag: Congo - Brazzaville	flag	പതാക: കോംഗോ - ബ്രാസവില്ലി	പതാക
🇨🇭	flag: Switzerland	flag	പതാക: സ്വിറ്റ്സർലാൻഡ്	പതാക
🇨🇮	flag: Côte d’Ivoire	flag	പതാക: കോട്ട് ഡി വാർ	പതാക
🇨🇰	flag: Cook Islands	flag	പതാക: കുക്ക് ദ്വീപുകൾ	പതാക
🇨🇱	flag: Chile	flag	പതാക: ചിലി	പതാക
🇨🇲	flag: Cameroon	flag	പതാക: കാമറൂൺ	പതാക
🇨🇳	flag: China	flag	പതാക: ചൈന	പതാക
🇨🇴	flag: Colombia	flag	പതാക: കൊളംബിയ	പതാക
🇨🇵	flag: Clipperton Island	flag	പതാക: ക്ലിപ്പെർട്ടൻ ദ്വീപ്	പതാക
🇨🇶	flag: Sark	flag	പതാക: സാർക്ക്	പതാക
🇨🇷	flag: Costa Rica	flag	പതാക: കോസ്റ്ററിക്ക	പതാക
🇨🇺	flag: Cuba	flag	പതാക: ക്യൂബ	പതാക
🇨🇻	flag: Cape Verde	flag	പതാക: കേപ്പ് വേർഡ്	പതാക
🇨🇼	flag: Curaçao	flag	പതാക: കുറാകാവോ	പതാക
🇨🇽	flag: Christmas Island	flag	പതാക: ക്രിസ്മസ് ദ്വീപ്	പതാക
🇨🇾	flag: Cyprus	flag	പതാക: സൈപ്രസ്	പതാക
🇨🇿	flag: Czechia	flag	പതാക: ചെക്കിയ	പതാക
🇩🇪	flag: Germany	flag	പതാക: ജർമ്മനി	പതാക
🇩🇬	flag: Diego Garcia	flag	പതാക: ഡീഗോ ഗ്രാഷ്യ	പതാക
🇩🇯	flag: Djibouti	flag	പതാക: ജിബൂത്തി	പതാക
🇩🇰	flag: Denmark	flag	പതാക: ഡെൻമാർക്ക്	പതാക
🇩🇲	flag: Dominica	flag	പതാക: ഡൊമിനിക്ക	പതാക
🇩🇴	flag: Dominican Republic	flag	പതാക: ഡൊമിനിക്കൻ റിപ്പബ്ലിക്ക്	പതാക
🇩🇿	flag: Algeria	flag	പതാക: അൾജീരിയ	പതാക
🇪🇦	flag: Ceuta & Melilla	flag	പതാക: സെയൂത്ത ആൻഡ് മെലിയ	പതാക
🇪🇨	flag: Ecuador	flag	പതാക: ഇക്വഡോർ	പതാക
🇪🇪	flag: Estonia	flag	പതാക: എസ്റ്റോണിയ‍	പതാക
🇪🇬	flag: Egypt	flag	പതാക: ഈജിപ്ത്	പതാക
🇪🇭	flag: Western Sahara	flag	പതാക: പശ്ചിമ സഹാറ	പതാക
🇪🇷	flag: Eritrea	flag	പതാക: എറിത്രിയ	പതാക
🇪🇸	flag: Spain	flag	പതാക: സ്പെയിൻ	പതാക
🇪🇹	flag: Ethiopia	flag	പതാക: എത്യോപ്യ	പതാക
🇪🇺	flag: European Union	flag	പതാക: യൂറോപ്യൻ യൂണിയൻ	പതാക
🇫🇮	flag: Finland	flag	പതാക: ഫിൻലാൻഡ്	പതാക
🇫🇯	flag: Fiji	flag	പതാക: ഫിജി	പതാക
🇫🇰	flag: Falkland Islands	flag	പതാക: ഫാക്ക്ലാന്റ് ദ്വീപുകൾ	പതാക
🇫🇲	flag: Micronesia	flag	പതാക: മൈക്രോനേഷ്യ	പതാക
🇫🇴	flag: Faroe Islands	flag	പതാക: ഫറോ ദ്വീപുകൾ	പതാക
🇫🇷	flag: France	flag	പതാക: ഫ്രാൻസ്	പതാക
🇬🇦	flag: Gabon	flag	പതാക: ഗാബൺ	പതാക
🇬🇧	flag: United Kingdom	flag	പതാക: യുണൈറ്റഡ് കിംഗ്ഡം	പതാക
🇬🇩	flag: Grenada	flag	പതാക: ഗ്രനേഡ	പതാക
🇬🇪	flag: Georgia	flag	പതാക: ജോർജ്ജിയ	പതാക
🇬🇫	flag: French Guiana	flag	പതാക: ഫ്രഞ്ച് ഗയാന	പതാക
🇬🇬	flag: Guernsey	flag	പതാക: ഗേൺസി	പതാക
🇬🇭	flag: Ghana	flag	പതാക: ഘാന	പതാക
🇬🇮	flag: Gibraltar	flag	പതാക: ജിബ്രാൾട്ടർ	പതാക
🇬🇱	flag: Greenland	flag	പതാക: ഗ്രീൻലൻഡ്	പതാക
🇬🇲	flag: Gambia	flag	പതാക: ഗാംബിയ	പതാക
🇬🇳	flag: Guinea	flag	പതാക: ഗിനിയ	പതാക
🇬🇵	flag: Guadeloupe	flag	പതാക: ഗ്വാഡലൂപ്പ്	പതാക
🇬🇶	flag: Equatorial Guinea	flag	പതാക: ഇക്വറ്റോറിയൽ ഗിനിയ	പതാക
🇬🇷	flag: Greece	flag	പതാക: ഗ്രീസ്	പതാക
🇬🇸	flag: South Georgia & South Sandwich Islands	flag	പതാക: ദക്ഷിണ ജോർജ്ജിയയും ദക്ഷിണ സാൻഡ്വിച്ച് ദ്വീപുകളും	പതാക
🇬🇹	flag: Guatemala	flag	പതാക: ഗ്വാട്ടിമാല	പതാക
🇬🇺	flag: Guam	flag	പതാക: ഗ്വാം	പതാക
🇬🇼	flag: Guinea-Bissau	flag	പതാക: ഗിനിയ-ബിസൗ	പതാക
🇬🇾	flag: Guyana	flag	പതാക: ഗയാന	പതാക
🇭🇰	flag: Hong Kong SAR China	flag	പതാക: ഹോങ്കോങ് (SAR) ചൈന	പതാക
🇭🇲	flag: Heard & McDonald Islands	flag	പതാക: ഹേർഡ്, മക്ഡോണൾഡ് ദ്വീപുകൾ	പതാക
🇭🇳	flag: Honduras	flag	പതാക: ഹോണ്ടുറാസ്	പതാക
🇭🇷	flag: Croatia	flag	പതാക: ക്രൊയേഷ്യ	പതാക
🇭🇹	flag: Haiti	flag	പതാക: ഹെയ്തി	പതാക
🇭🇺	flag: Hungary	flag	പതാക: ഹംഗറി	പതാക
🇮🇨	flag: Canary Islands	flag	പതാക: കാനറി ദ്വീപുകൾ	പതാക
🇮🇩	flag: Indonesia	flag	പതാക: ഇന്തോനേഷ്യ	പതാക
🇮🇪	flag: Ireland	flag	പതാക: അയർലൻഡ്	പതാക
🇮🇱	flag: Israel	flag	പതാക: ഇസ്രായേൽ	പതാക
🇮🇲	flag: Isle of Man	flag	പതാക: ഐൽ ഓഫ് മാൻ	പതാക
🇮🇳	flag: India	flag	പതാക: ഇന്ത്യ	പതാക
🇮🇴	flag: British Indian Ocean Territory	flag	പതാക: ബ്രിട്ടീഷ് ഇന്ത്യൻ ഓഷ്യൻ ടെറിട്ടറി	പതാക
🇮🇶	flag: Iraq	flag	പതാക: ഇറാഖ്	പതാക
🇮🇷	flag: Iran	flag	പതാക: ഇറാൻ	പതാക
🇮🇸	flag: Iceland	flag	പതാക: ഐസ്ലാന്റ്	പതാക
🇮🇹	flag: Italy	flag	പതാക: ഇറ്റലി	പതാക
🇯🇪	flag: Jersey	flag	പതാക: ജേഴ്സി	പതാക
🇯🇲	flag: Jamaica	flag	പതാക: ജമൈക്ക	പതാക
🇯🇴	flag: Jordan	flag	പതാക: ജോർദ്ദാൻ	പതാക
🇯🇵	flag: Japan	flag	പതാക: ജപ്പാൻ	പതാക
🇰🇪	flag: Kenya	flag	പതാക: കെനിയ	പതാക
🇰🇬	flag: Kyrgyzstan	flag	പതാക: കിർഗിസ്ഥാൻ	പതാക
🇰🇭	flag: Cambodia	flag	പതാക: കംബോഡിയ	പതാക
🇰🇮	flag: Kiribati	flag	പതാക: കിരിബാട്ടി	പതാക
🇰🇲	flag: Comoros	flag	പതാക: കോമൊറോസ്	പതാക
🇰🇳	flag: St. Kitts & Nevis	flag	പതാക: സെന്റ് കിറ്റ്സും നെവിസും	പതാക
🇰🇵	flag: North Korea	flag	പതാക: ഉത്തരകൊറിയ	പതാക
🇰🇷	flag: South Korea	flag	പതാക: ദക്ഷിണകൊറിയ	പതാക
🇰🇼	flag: Kuwait	flag	പതാക: കുവൈറ്റ്	പതാക
🇰🇾	flag: Cayman Islands	flag	പതാക: കേയ്മാൻ ദ്വീപുകൾ	പതാക
🇰🇿	flag: Kazakhstan	flag	പതാക: കസാഖിസ്ഥാൻ	പതാക
🇱🇦	flag: Laos	flag	പതാക: ലാവോസ്	പതാക
🇱🇧	flag: Lebanon	flag	പതാക: ലെബനൻ	പതാക
🇱🇨	flag: St. Lucia	flag	പതാക: സെന്റ് ലൂസിയ	പതാക
🇱🇮	flag: Liechtenstein	flag	പതാക: ലിച്ചൺസ്റ്റൈൻ	പതാക
🇱🇰	flag: Sri Lanka	flag	പതാക: ശ്രീലങ്ക	പതാക
🇱🇷	flag: Liberia	flag	പതാക: ലൈബീരിയ	പതാക
🇱🇸	flag: Lesotho	flag	പതാക: ലെസോതോ	പതാക
🇱🇹	flag: Lithuania	flag	പതാക: ലിത്വാനിയ	പതാക
🇱🇺	flag: Luxembourg	flag	പതാക: ലക്സംബർഗ്	പതാക
🇱🇻	flag: Latvia	flag	പതാക: ലാറ്റ്വിയ	പതാക
🇱🇾	flag: Libya	flag	പതാക: ലിബിയ	പതാക
🇲🇦	flag: Morocco	flag	പതാക: മൊറോക്കൊ	പതാക
🇲🇨	flag: Monaco	flag	പതാക: മൊണാക്കോ	പതാക
🇲🇩	flag: Moldova	flag	പതാക: മൾഡോവ	പതാക
🇲🇪	flag: Montenegro	flag	പതാക: മോണ്ടെനെഗ്രോ	പതാക
🇲🇫	flag: St. Martin	flag	പതാക: സെന്റ് മാർട്ടിൻ	പതാക
🇲🇬	flag: Madagascar	flag	പതാക: മഡഗാസ്കർ	പതാക
🇲🇭	flag: Marshall Islands	flag	പതാക: മാർഷൽ ദ്വീപുകൾ	പതാക
🇲🇰	flag: North Macedonia	flag	പതാക: നോർത്ത് മാസിഡോണിയ	പതാക
🇲🇱	flag: Mali	flag	പതാക: മാലി	പതാക
🇲🇲	flag: Myanmar (Burma)	flag	പതാക: മ്യാൻമാർ (ബർമ്മ)	പതാക
🇲🇳	flag: Mongolia	flag	പതാക: മംഗോളിയ	പതാക
🇲🇴	flag: Macao SAR China	flag	പതാക: മക്കാവു എസ്.എ.ആർ. ചൈന	പതാക
🇲🇵	flag: Northern Mariana Islands	flag	പതാക: ഉത്തര മറിയാനാ ദ്വീപുകൾ	പതാക
🇲🇶	flag: Martinique	flag	പതാക: മാർട്ടിനിക്ക്	പതാക
🇲🇷	flag: Mauritania	flag	പതാക: മൗറിറ്റാനിയ	പതാക
🇲🇸	flag: Montserrat	flag	പതാക: മൊണ്ടെസരത്ത്	പതാക
🇲🇹	flag: Malta	flag	പതാക: മാൾട്ട	പതാക
🇲🇺	flag: Mauritius	flag	പതാക: മൗറീഷ്യസ്	പതാക
🇲🇻	flag: Maldives	flag	പതാക: മാലിദ്വീപ്	പതാക
🇲🇼	flag: Malawi	flag	പതാക: മലാവി	പതാക
🇲🇽	flag: Mexico	flag	പതാക: മെക്സിക്കോ	പതാക
🇲🇾	flag: Malaysia	flag	പതാക: മലേഷ്യ	പതാക
🇲🇿	flag: Mozambique	flag	പതാക: മൊസാംബിക്ക്	പതാക
🇳🇦	flag: Namibia	flag	പതാക: നമീബിയ	പതാക
🇳🇨	flag: New Caledonia	flag	പതാക: ന്യൂ കാലിഡോണിയ	പതാക
🇳🇪	flag: Niger	flag	പതാക: നൈജർ	പതാക
🇳🇫	flag: Norfolk Island	flag	പതാക: നോർഫോക് ദ്വീപ്	പതാക
🇳🇬	flag: Nigeria	flag	പതാക: നൈജീരിയ	പതാക
🇳🇮	flag: Nicaragua	flag	പതാക: നിക്കരാഗ്വ	പതാക
🇳🇱	flag: Netherlands	flag	പതാക: നെതർലാൻഡ്സ്	പതാക
🇳🇴	flag: Norway	flag	പതാക: നോർവെ	പതാക
🇳🇵	flag: Nepal	flag	പതാക: നേപ്പാൾ	പതാക
🇳🇷	flag: Nauru	flag	പതാക: നൗറു	പതാക
🇳🇺	flag: Niue	flag	പതാക: ന്യൂയി	പതാക
🇳🇿	flag: New Zealand	flag	പതാക: ന്യൂസിലൻഡ്	പതാക
🇴🇲	flag: Oman	flag	പതാക: ഒമാൻ	പതാക
🇵🇦	flag: Panama	flag	പതാക: പനാമ	പതാക
🇵🇪	flag: Peru	flag	പതാക: പെറു	പതാക
🇵🇫	flag: French Polynesia	flag	പതാക: ഫ്രഞ്ച് പോളിനേഷ്യ	പതാക
🇵🇬	flag: Papua New Guinea	flag	പതാക: പാപ്പുവ ന്യൂ ഗിനിയ	പതാക
🇵🇭	flag: Philippines	flag	പതാക: ഫിലിപ്പീൻസ്	പതാക
🇵🇰	flag: Pakistan	flag	പതാക: പാക്കിസ്ഥാൻ	പതാക
🇵🇱	flag: Poland	flag	പതാക: പോളണ്ട്	പതാക
🇵🇲	flag: St. Pierre & Miquelon	flag	പതാക: സെന്റ് പിയറി ആൻഡ് മിക്വലൻ	പതാക
🇵🇳	flag: Pitcairn Islands	flag	പതാക: പിറ്റ്കെയ്ൻ ദ്വീപുകൾ	പതാക
🇵🇷	flag: Puerto Rico	flag	പതാക: പോർട്ടോ റിക്കോ	പതാക
🇵🇸	flag: Palestinian Territories	flag	പതാക: പാലസ്തീൻ പ്രദേശങ്ങൾ	പതാക
🇵🇹	flag: Portugal	flag	പതാക: പോർച്ചുഗൽ	പതാക
🇵🇼	flag: Palau	flag	പതാക: പലാവു	പതാക
🇵🇾	flag: Paraguay	flag	പതാക: പരാഗ്വേ	പതാക
🇶🇦	flag: Qatar	flag	പതാക: ഖത്തർ	പതാക
🇷🇪	flag: Réunion	flag	പതാക: റീയൂണിയൻ	പതാക
🇷🇴	flag: Romania	flag	പതാക: റൊമാനിയ	പതാക
🇷🇸	flag: Serbia	flag	പതാക: സെർബിയ	പതാക
🇷🇺	flag: Russia	flag	പതാക: റഷ്യ	പതാക
🇷🇼	flag: Rwanda	flag	പതാക: റുവാണ്ട	പതാക
🇸🇦	flag: Saudi Arabia	flag	പതാക: സൗദി അറേബ്യ	പതാക
🇸🇧	flag: Solomon Islands	flag	പതാക: സോളമൻ ദ്വീപുകൾ	പതാക
🇸🇨	flag: Seychelles	flag	പതാക: സീഷെൽസ്	പതാക
🇸🇩	flag: Sudan	flag	പതാക: സുഡാൻ	പതാക
🇸🇪	flag: Sweden	flag	പതാക: സ്വീഡൻ	പതാക
🇸🇬	flag: Singapore	flag	പതാക: സിംഗപ്പൂർ	പതാക
🇸🇭	flag: St. Helena	flag	പതാക: സെന്റ് ഹെലീന	പതാക
🇸🇮	flag: Slovenia	flag	പതാക: സ്ലോവേനിയ	പതാക
🇸🇯	flag: Svalbard & Jan Mayen	flag	പതാക: സ്വാൽബാഡും ജാൻ മായേനും	പതാക
🇸🇰	flag: Slovakia	flag	പതാക: സ്ലോവാക്യ	പതാക
🇸🇱	flag: Sierra Leone	flag	പതാക: സിയെറ ലിയോൺ	പതാക
🇸🇲	flag: San Marino	flag	പതാക: സാൻ മറിനോ	പതാക
🇸🇳	flag: Senegal	flag	പതാക: സെനഗൽ	പതാക
🇸🇴	flag: Somalia	flag	പതാക: സോമാലിയ	പതാക
🇸🇷	flag: Suriname	flag	പതാക: സുരിനാം	പതാക
🇸🇸	flag: South Sudan	flag	പതാക: ദക്ഷിണ സുഡാൻ	പതാക
🇸🇹	flag: São Tomé & Príncipe	flag	പതാക: സാവോ ടോമും പ്രിൻസിപെയും	പതാക
🇸🇻	flag: El Salvador	flag	പതാക: എൽ സാൽവദോർ	പതാക
🇸🇽	flag: Sint Maarten	flag	പതാക: സിന്റ് മാർട്ടെൻ	പതാക
🇸🇾	flag: Syria	flag	പതാക: സിറിയ	പതാക
🇸🇿	flag: Eswatini	flag	പതാക: സ്വാസിലൻഡ്	പതാക
🇹🇦	flag: Tristan da Cunha	flag	പതാക: ട്രിസ്റ്റൻ ഡ കൂന	പതാക
🇹🇨	flag: Turks & Caicos Islands	flag	പതാക: ടർക്ക്സും കെയ്ക്കോ ദ്വീപുകളും	പതാക
🇹🇩	flag: Chad	flag	പതാക: ഛാഡ്	പതാക
🇹🇫	flag: French Southern Territories	flag	പതാക: ഫ്രഞ്ച് ദക്ഷിണ ഭൂപ്രദേശം	പതാക
🇹🇬	flag: Togo	flag	പതാക: ടോഗോ	പതാക
🇹🇭	flag: Thailand	flag	പതാക: തായ്ലാൻഡ്	പതാക
🇹🇯	flag: Tajikistan	flag	പതാക: താജിക്കിസ്ഥാൻ	പതാക
🇹🇰	flag: Tokelau	flag	പതാക: ടോക്കെലൂ	പതാക
🇹🇱	flag: Timor-Leste	flag	പതാക: തിമോർ-ലെസ്റ്റെ	പതാക
🇹🇲	flag: Turkmenistan	flag	പതാക: തുർക്ക്മെനിസ്ഥാൻ	പതാക
🇹🇳	flag: Tunisia	flag	പതാക: ടുണീഷ്യ	പതാക
🇹🇴	flag: Tonga	flag	പതാക: ടോംഗ	പതാക
🇹🇷	flag: Türkiye	flag	പതാക: തുർക്കിയെ	പതാക
🇹🇹	flag: Trinidad & Tobago	flag	പതാക: ട്രിനിഡാഡും ടുബാഗോയും	പതാക
🇹🇻	flag: Tuvalu	flag	പതാക: ടുവാലു	പതാക
🇹🇼	flag: Taiwan	flag	പതാക: തായ്വാൻ	പതാക
🇹🇿	flag: Tanzania	flag	പതാക: ടാൻസാനിയ	പതാക
🇺🇦	flag: Ukraine	flag	പതാക: ഉക്രെയ്ൻ	പതാക
🇺🇬	flag: Uganda	flag	പതാക: ഉഗാണ്ട	പതാക
🇺🇲	flag: U.S. Outlying Islands	flag	പതാക: യു.എസ്. ദ്വീപസമൂഹങ്ങൾ	പതാക
🇺🇳	flag: United Nations	flag	പതാക: ഐക്യരാഷ്ട്രസഭ	പതാക
🇺🇸	flag: United States	flag	പതാക: അമേരിക്കൻ ഐക്യനാടുകൾ	പതാക
🇺🇾	flag: Uruguay	flag	പതാക: ഉറുഗ്വേ	പതാക
🇺🇿	flag: Uzbekistan	flag	പതാക: ഉസ്ബെക്കിസ്ഥാൻ	പതാക
🇻🇦	flag: Vatican City	flag	പതാക: വത്തിക്കാൻ	പതാക
🇻🇨	flag: St. Vincent & Grenadines	flag	പതാക: സെന്റ് വിൻസെന്റും ഗ്രനെഡൈൻസും	പതാക
🇻🇪	flag: Venezuela	flag	പതാക: വെനിസ്വേല	പതാക
🇻🇬	flag: British Virgin Islands	flag	പതാക: ബ്രിട്ടീഷ് വെർജിൻ ദ്വീപുകൾ	പതാക
🇻🇮	flag: U.S. Virgin Islands	flag	പതാക: യു.എസ്. വെർജിൻ ദ്വീപുകൾ	പതാക
🇻🇳	flag: Vietnam	flag	പതാക: വിയറ്റ്നാം	പതാക
🇻🇺	flag: Vanuatu	flag	പതാക: വന്വാതു	പതാക
🇼🇫	flag: Wallis & Futuna	flag	പതാക: വാലിസ് ആന്റ് ഫ്യൂച്യുന	പതാക
🇼🇸	flag: Samoa	flag	പതാക: സമോവ	പതാക
🇽🇰	flag: Kosovo	flag	പതാക: കൊസോവൊ	പതാക
🇾🇪	flag: Yemen	flag	പതാക: യെമൻ	പതാക
🇾🇹	flag: Mayotte	flag	പതാക: മയോട്ടി	പതാക
🇿🇦	flag: South Africa	flag	പതാക: ദക്ഷിണാഫ്രിക്ക	പതാക
🇿🇲	flag: Zambia	flag	പതാക: സാംബിയ	പതാക
🇿🇼	flag: Zimbabwe	flag	പതാക: സിംബാബ്വേ	പതാക
🏴󠁧󠁢󠁥󠁮󠁧󠁿	flag: England	flag	പതാക: ഇംഗ്ലണ്ട്	പതാക
🏴󠁧󠁢󠁳󠁣󠁴󠁿	flag: Scotland	flag	പതാക: സ്കോട്ട്ലന്റ്	പതാക
🏴󠁧󠁢󠁷󠁬󠁳󠁿	flag: Wales	flag	പതാക: വെയിൽസ്	പതാക
